diputadoID,nombre,distrito
1,"#, Legislador a Designar",Buenos Aires
2,"#, Legislador a Designar",Cdad.Aut.Bs.As.
3,"#, Legislador a Designar",Chubut
4,"#, Legislador a Designar",Córdoba
5,"#, Legislador a Designar",San Juan
6,"#, Legislador a Designar",San Luis
7,"#, Legislador a Designar",Santa Cruz
8,"#, Legislador a Designar",Santa Fe
9,"#, Legislador a Designar",Santiago del Estero
10,"#, Legislador a Designar",Tucumán
11,"ABALOS, Roberto",Santiago del Estero
12,"ABALOVICH, Eduardo Antonio",Santiago del Estero
13,"ABAN, Gloria del S.",Salta
14,"ABASTO, Angel Leonidas",Buenos Aires
15,"ABDALA de MATARAZZO, Norma Amanda",Santiago del Estero
16,"ABDALA, Germán Darío",Cdad.Aut.Bs.As.
17,"ABDALA, Josefina",Mendoza
18,"ABELLA, Miguel Angel",Córdoba
19,"ABIHAGGLE, Carlos Enrique",Mendoza
20,"ABRAHAM, Alejandro",Mendoza
21,"ACCASTELLO, Eduardo",Córdoba
22,"ACCAVALLO, Julio César",Rio Negro
23,"ACEÑOLAZA, Florencio G.",Tucumán
24,"ACERENZA, Samanta María Celeste",Buenos Aires
25,"ACEVEDO, Sergio Edgardo",Santa Cruz
26,"ACHEM, Antonio",San Juan
27,"ACOSTA de AHUMADA, María Julia",Catamarca
28,"ACUÑA KUNZ, Juan",Santa Cruz
29,"ACUÑA, Hugo Rodolfo",Neuquén
30,"ADAIME, Felipe Teófilo",Corrientes
31,"AGOSTO, Walter",Santa Fe
32,"AGUAD, Oscar Raúl",Córdoba
33,"AGUADO, Jorge Ruben",Buenos Aires
34,"AGUERO, Elda Susana",Buenos Aires
35,"AGUILAR, Lino Walter",San Luis
36,"AGUIRRE de SORIA, Hilda",La Rioja
37,"AGUIRRE, Orlando Raul",Formosa
38,"AGUNDEZ, Jorge Alfreso",San Luis
39,"ALABI, Ernesto",Salta
40,"ALARCIA, Martha Carmen",Córdoba
41,"ALARCON, María del Carmen",Santa Fe
42,"ALBAMONTE, Alberto Gustavo",Buenos Aires
43,"ALBARRACIN, Jorge Luis",Mendoza
44,"ALBERTI, Juan Carlos",Buenos Aires
45,"ALBORNOZ, Gabriela Romina",Jujuy
46,"ALBRIEU, Oscar Edmundo Nicolas",Rio Negro
47,"ALBRISI, César Alfredo",Córdoba
48,"ALCALA, Nestor Ricardo",La Pampa
49,"ALCHOURON, Guillermo Eduardo",Buenos Aires
50,"ALCUAZ, Horacio Alberto",Buenos Aires
51,"ALEGRE, Gilberto",Buenos Aires
52,"ALENDE, Oscar Eduardo",Buenos Aires
53,"ALESANDRI, Carlos Tomas",Córdoba
54,"ALESSANDRO, Dario Pedro",Cdad.Aut.Bs.As.
55,"ALFARO, Germán Enrique",Tucumán
56,"ALFONSIN, Ricardo Luis",Buenos Aires
57,"ALGABA, Ernesto Pedro",Santa Fe
58,"ALIZEGUI, Antonio Anibal",Entre Ríos
59,"ALLENDE IRIARTE, Alberto",Cdad.Aut.Bs.As.
60,"ALLENDE, Alfredo Estanislao",Buenos Aires
61,"ALONSO, Gumersindo Federico",Córdoba
62,"ALONSO, Horacio Fernando",Buenos Aires
63,"ALONSO, Laura",Cdad.Aut.Bs.As.
64,"ALONSO, María Luz",La Pampa
66,"ALTERACH, Miguel Angel",Misiones
67,"ALVAREZ ECHAGUE, Raul A.",Buenos Aires
68,"ALVAREZ GARCIA, Normando",Jujuy
69,"ALVAREZ RODRIGUEZ, Cristina",Buenos Aires
70,"ALVAREZ, Carlos Alberto",Cdad.Aut.Bs.As.
71,"ALVAREZ, Carlos Raúl",Buenos Aires
72,"ALVAREZ, Elsa María",Santa Cruz
73,"ALVAREZ, Hector Claudio",Misiones
74,"ALVAREZ, Jorge Mario",Santa Fe
75,"ALVAREZ, Juan José",Buenos Aires
76,"ALVAREZ, Roque Tobías",Tucumán
77,"ALVARO, Héctor Jorge",Mendoza
78,"AMADEO, Eduardo Pablo",Buenos Aires
79,"AMENTA, Marcelo Eduardo",Buenos Aires
80,"AMSTUTZ, Guillermo",Mendoza
81,"ANAUATE, Carlos Alfredo",Santiago del Estero
82,"ANCARANI, Hilda Norma",Buenos Aires
83,"ANTELO, José María",Santa Fe
84,"ARAGON, Santiago",Buenos Aires
85,"ARAGONES de JUAREZ, Mercedes",Santiago del Estero
86,"ARAMBURU, Guillermo Raul",Santa Fe
87,"ARANDA, Saturnino Dantti",Santa Fe
88,"ARBO, José Ameghino",Corrientes
89,"ARDID, Mario Rolando",Córdoba
90,"ARENA, Celia Isabel",Santa Fe
91,"ARENAS, Berta",San Luis
92,"ARETA, María Josefa",Corrientes
93,"ARGÜELLO, Jorge",Cdad.Aut.Bs.As.
94,"ARGÜELLO, Octavio",Buenos Aires
95,"ARGUL, Marta del Carmen",Jujuy
96,"ARGUMEDO, Alcira Susana",Cdad.Aut.Bs.As.
97,"ARIAS, Cesar",Buenos Aires
98,"ARMENDARIZ, Alejandro",Buenos Aires
99,"ARNALDI, Monica Susana",Buenos Aires
100,"ARNOLD, Eduardo Ariel",Santa Cruz
101,"ARRECHEA, José Salvador",Chubut
102,"ARREGUI, Andrés Roberto",Buenos Aires
103,"ARRIAGA, Julio Esteban",Rio Negro
104,"ARRIETA, Gustavo",Buenos Aires
105,"ARTOLA, Isabel Amanda",Buenos Aires
106,"ASEF, Daniel Edgardo",Córdoba
107,"ASPIAZU, Lucio Bernardo",Corrientes
108,"ASSEFF, Alberto Emilio",Buenos Aires
109,"ATANASOF, Alfredo Néstor",Buenos Aires
110,"AUBIA, Jorge Eduardo",Chubut
111,"AUGSBURGER, Silvia",Santa Fe
112,"AUSTIN, Brenda Lis",Córdoba
113,"AVALOS ROBLES, Edmundo Eduardo",Tucumán
114,"AVELIN de GINESTAR, Nancy B.",San Juan
115,"AVILA, Eduardo Carlos",Santiago del Estero
116,"AVOSCAN, Herman Horacio",Rio Negro
117,"AYALA, Juan Carlos",Chaco
118,"AYALA, Susana Beatriz",Chaco
119,"AYETZ, Liliana",Buenos Aires
120,"AZCOITI, Pedro José",Buenos Aires
121,"BAGLINI, Raúl Eduardo",Mendoza
122,"BAIGORRI, Guillermo Francisco",San Juan
123,"BAIGORRIA, Miguel Angel",Tierra del Fuego
124,"BALADRON, Manuel Justo",La Pampa
125,"BALBO, Elva Susana",Mendoza
126,"BALCEDO, María Ester",Buenos Aires
127,"BALDASSI, Héctor",Córdoba
128,"BALDATA, Griselda Angela",Córdoba
129,"BALESTRA, René Helvecio",Santa Fe
130,"BALESTRINI, Alberto",Buenos Aires
131,"BALESTRINI, Miguel Alberto",Córdoba
132,"BALIAN, Alejandro",Córdoba
133,"BALTER, Carlos Mario",Mendoza
134,"BALTUZZI, Angel Enzo",Santa Fe
135,"BANFI, Karina",Buenos Aires
136,"BANZAS de MOREAU, María del Cármen",Buenos Aires
137,"BARAGIOLA, Vilma Rosana",Buenos Aires
138,"BARBAGELATA, María Elena",Cdad.Aut.Bs.As.
139,"BARBERA, Eliseo",Salta
140,"BARBERIS, Edgardo Angel",Santa Fe
141,"BARBIERI, Mario Leandro",Buenos Aires
142,"BARBOTTI, Atilio",Chaco
143,"BARCHETTA, Omar Segundo",Santa Fe
144,"BARDEGGIA, Luis Maria",Rio Negro
145,"BARLETTA, Mario Domingo",Santa Fe
146,"BARRANDEGUY, Raúl Enrique",Entre Ríos
147,"BARRETO, Jorge Rubén",Entre Ríos
148,"BARRIONUEVO, Eduardo Ernesto",Salta
149,"BARRIONUEVO, José Luis",Catamarca
150,"BARRIOS ARRECHEA, Ricardo A.",Misiones
151,"BARRIOS, Luis Américo",La Rioja
152,"BARRIOS, Miguel Angel",Santa Fe
153,"BARTOLUCCI, Gilda Liliana",San Luis
154,"BASILE, Daniel Armando",Buenos Aires
155,"BASSANI, Angel Marcelo",Buenos Aires
156,"BASTEIRO, Sergio Ariel",Buenos Aires
157,"BASTERRA, Luis Eugenio",Formosa
158,"BASUALDO, Roberto",San Juan
159,"BAUM, Daniel",Neuquén
160,"BAYLAC, Juan Pablo",Buenos Aires
161,"BAYONZO, Liliana Amelia",Chaco
162,"BAZZE, Miguel Ángel",Buenos Aires
163,"BECCANI, Alberto Juan",Santa Fe
164,"BECERRA, Carlos Armando",Córdoba
165,"BECERRA, Nicolas Eduardo",Mendoza
166,"BECERRA, Omar Enrique",Tierra del Fuego
167,"BEDANO, Nora Esther",Córdoba
168,"BEJARANO, Mario Fernando",Formosa
169,"BELLOCQ, Gerardo Alberto",Córdoba
170,"BELOUS, Nélida",Tierra del Fuego
171,"BELTRAN, Carlos Roberto",Chaco
172,"BENAS, Verónica Claudia",Santa Fe
173,"BENEDETTI, Atilio Francisco Salvador",Entre Ríos
174,"BENEDETTI, Jorge Enrique",Cdad.Aut.Bs.As.
175,"BENZI, María Cristina",Santa Fe
176,"BERCOFF, María Graciela",Córdoba
177,"BERGMAN, Sergio",Cdad.Aut.Bs.As.
178,"BERHONGARAY, Antonio Tomás",La Pampa
179,"BERICUA, Jorge",Tierra del Fuego
180,"BERMEJO, Sixto Osvaldo",Chubut
181,"BERMUDEZ, María del Pilar",Jujuy
182,"BERNABEY, Ramón Ernesto",Córdoba
183,"BERNAL, María Eugenia",Jujuy
184,"BERNAZZA, Claudia Alicia",Buenos Aires
185,"BERRAUTE, Ana",Santa Fe
186,"BERTOL, Paula María",Cdad.Aut.Bs.As.
187,"BERTOLYOTTI, Delma Noemí",Entre Ríos
188,"BERTONE, Rosana Andrea",Tierra del Fuego
189,"BESADA, Alicia Irma",Cdad.Aut.Bs.As.
190,"BETTANIN, Juan Carlos",Santa Fe
191,"BEVACQUA, Adriana Norma",Entre Ríos
192,"BEVERAGGI, Margarita Beatriz",Chaco
193,"BEVILACQUA, Gustavo José",Buenos Aires
194,"BIANCHI SILVESTRE, Marcela Alejandra",Buenos Aires
195,"BIANCHI, Ivana María",San Luis
196,"BIANCHI, María del Carmen",Cdad.Aut.Bs.As.
197,"BIANCO, Lía Fabiola",Misiones
198,"BIANCULLI, Leticia",Buenos Aires
199,"BIDEGAIN, Gloria Mercedes",Buenos Aires
200,"BIELLA CALVET, Bernardo José",Salta
201,"BIELSA, Rafael",Cdad.Aut.Bs.As.
202,"BIGLIERI, María Emilia",Santa Fe
203,"BINNER, Hermes",Santa Fe
204,"BISCHOF, Enrique",Tierra del Fuego
205,"BISCIOTTI, Victorio Osvaldo",Buenos Aires
206,"BISUTTI, Delia Beatriz",Cdad.Aut.Bs.As.
207,"BIZZOTTO, Ileana",Santa Fe
208,"BLANCO de PERALTA, Blanca",Santa Cruz
209,"BLANCO, Jesus Abel",Buenos Aires
210,"BLANCO, Oscar Alberto",Buenos Aires
211,"BONACINA, Mario Hector",Santiago del Estero
212,"BONACORSI, Juan Carlos",Buenos Aires
213,"BONASSO, Miguel",Cdad.Aut.Bs.As.
214,"BONINO, Miguel Angel",San Luis
215,"BONOMI, Silvia Mónica",Buenos Aires
216,"BORDA, Osvaldo",Buenos Aires
217,"BORDENAVE, Marcela Antonia",Buenos Aires
218,"BORDIN CAROSIO, Hugo Antonio",Mendoza
219,"BORRELLI, Osvaldo Martín",Cdad.Aut.Bs.As.
220,"BORSANI, Luis Gustavo",Mendoza
221,"BORTOLOZZI de BOGADO, Adriana Raquel",Formosa
222,"BOSCH de SARTORI, Irene Miriam",Misiones
223,"BOSSA, Mauricio",Córdoba
224,"BOSSIO, Diego",Buenos Aires
225,"BOYADJIAN, Graciela Eunice",Tierra del Fuego
226,"BRACCHI, Osvaldo Américo",Buenos Aires
227,"BRANDA, Carlos Ernesto",Formosa
228,"BRANDONI, Adalberto Luis",Buenos Aires
229,"BRAVO, Alfredo Pedro",Cdad.Aut.Bs.As.
230,"BRAVO, Leopoldo Alfredo",San Juan
231,"BRAWER, Mara",Cdad.Aut.Bs.As.
232,"BREARD, Noel Eugenio",Corrientes
233,"BREGMAN, Myriam",Buenos Aires
234,"BRESER, Adalberto Edgardo",Buenos Aires
235,"BREZZO, María Eugenia",Córdoba
236,"BRILLO, José Ricardo",Neuquén
237,"BRIOZZO, Alberto Nicolas",Buenos Aires
238,"BRITEZ, Cristina",Misiones
239,"BRITOS, Oraldo Norvel",San Luis
240,"BRIZUELA DEL MORAL, Eduardo",Catamarca
241,"BRIZUELA Y DORIA DE CARA, Olga Inés",La Rioja
242,"BROMBERG, Isaac Benjamín",Tucumán
243,"BROOK, Mario Carlos",Córdoba
244,"BROWN, Carlos Ramón",Buenos Aires
245,"BRUE, Daniel Agustín",Santiago del Estero
246,"BRÜGGE, Juan Fernando",Córdoba
247,"BRUNATI, Luis Pedro",Buenos Aires
248,"BRUNELLI, Naldo Raul Adalberto",Buenos Aires
249,"BRUZZO, Omar Obdulio",Buenos Aires
250,"BUCCO, Jorge Luis",Córdoba
251,"BUIL, Sergio Omar",Buenos Aires
252,"BULACIO, Nancy Evangelina",Tucumán
253,"BULACIO, Rafael Alfredo",Tucumán
254,"BULLRICH, Esteban",Cdad.Aut.Bs.As.
255,"BULLRICH, Patricia",Cdad.Aut.Bs.As.
256,"BURGOS, María Gabriela",Jujuy
257,"BURYAILE, Ricardo",Formosa
258,"BURZACO, Eugenio",Buenos Aires
259,"BUSSI, Antonio Domingo",Tucumán
260,"BUSSI, Ricardo Argentino",Tucumán
261,"BUSTI, Jorge Pedro",Entre Ríos
262,"CABALLERO MARTIN, Carlos Aurelio",Santa Fe
263,"CABANDIE, Juan",Cdad.Aut.Bs.As.
264,"CABIRON, Juan Carlos",Buenos Aires
265,"CABRERA, Gerardo",Santa Fe
266,"CACERES, Eduardo",San Juan
267,"CACERES, Gladys Antonia",La Rioja
268,"CACERES, Jorge Marcelo",Córdoba
269,"CAFFERATA NORES, José Ignacio",Córdoba
270,"CAFIERO, Juan Pablo",Buenos Aires
271,"CAFIERO, Mario Alejandro",Buenos Aires
272,"CAILLET, Carmen del Rosario",San Juan
273,"CAIMMI, Fernando Enrique",Santa Fe
274,"CALCAGNO, Eric",Buenos Aires
275,"CALCHAQUI, Mariel",Tierra del Fuego
276,"CALLABA, Anibal",Corrientes
277,"CALLEJAS, Ovidio Amilcar",Santa Fe
278,"CALLERI, Agustin Santiago",Córdoba
279,"CALVO, Pedro Jorge Camilo",Cdad.Aut.Bs.As.
280,"CALZA, Nelio Higinio",Entre Ríos
281,"CAMAÑO, Dante",Buenos Aires
282,"CAMAÑO, Eduardo Oscar",Buenos Aires
283,"CAMAÑO, Graciela",Buenos Aires
284,"CAMARA, Mario Miguel",Buenos Aires
285,"CAMBARERI, Fortunato Rafael",Chubut
286,"CAMPERO, Rodolfo Martín",Tucumán
287,"CANATA, José Domingo",Cdad.Aut.Bs.As.
288,"CANELA, Susana Mercedes",Salta
289,"CANEVAROLO, Dante Omar",Santa Cruz
290,"CANO, José",Tucumán
291,"CANTERO GUTIERREZ, Alberto",Córdoba
292,"CANTERO, Fernando Alfredo",Cdad.Aut.Bs.As.
293,"CANTEROS, Gustavo Jesús Adolfo",Corrientes
294,"CANTINI, Guillermo Marcelo",Cdad.Aut.Bs.As.
295,"CANTOS, José María",Santiago del Estero
296,"CAPELLO, Mario Osvaldo",San Juan
297,"CAPPELLERI, Pascual",Buenos Aires
298,"CAPUTO, Dante Mario",Cdad.Aut.Bs.As.
299,"CARBAJAL, Arnoldo Dante",Formosa
300,"CARBONETTO, Daniel",Buenos Aires
301,"CARCA, Elisa Beatriz",Buenos Aires
302,"CARDELLI, Jorge Justo",Cdad.Aut.Bs.As.
303,"CARDESA, Enrique Gustavo",Buenos Aires
304,"CARDOSO, Marta Elena",La Pampa
305,"CARLOTTO, Remo Gerardo",Buenos Aires
306,"CARMONA, Guillermo Ramón",Mendoza
307,"CARMONA, María Araceli",Corrientes
308,"CAROL, Analuz Ailén",Tierra del Fuego
309,"CARRANZA, Carlos Alberto",Santa Fe
310,"CARRARA, Emilio Eduardo",Chaco
311,"CARRERAS, Porfirio Mario",Santa Fe
312,"CARRILLO, María Del Carmen",Tucumán
313,"CARRIO, Elisa María Avelina",Cdad.Aut.Bs.As.
314,"CARRIO, Elisa María Avelina",Chaco
315,"CARRIZO, Ana Carla",Cdad.Aut.Bs.As.
316,"CARRIZO, María Soledad",Córdoba
317,"CARRIZO, Nilda Mabel",Tucumán
318,"CASANOVAS, Jorge Osvaldo",Buenos Aires
319,"CASAÑAS, Juan Francisco",Tucumán
320,"CASARI DE ALARCIA, Leonor",Córdoba
321,"CASELLA, Juan Manuel",Buenos Aires
322,"CASELLES, Graciela María",San Juan
323,"CASERIO, Carlos Alberto",Córdoba
324,"CASSESE, Marina",Buenos Aires
325,"CASTAGNETO, Carlos Daniel",Buenos Aires
326,"CASTALDO, Norah Susana",Tucumán
327,"CASTAÑON, Alfredo José",Cdad.Aut.Bs.As.
328,"CASTAÑON, Hugo",Rio Negro
329,"CASTELLANI, Carlos Alberto",Santa Fe
330,"CASTILLO, José Luis",Buenos Aires
331,"CASTILLO, Oscar Anibal",Catamarca
332,"CASTRO MOLINA, Enrique",San Juan
333,"CASTRO, Alicia Amalia",Buenos Aires
334,"CASTRO, Carlos José",Buenos Aires
335,"CASTRO, Sandra",San Juan
336,"CATALAN MAGNI, Julio César",Tierra del Fuego
337,"CAVADINI, Eduardo",Jujuy
338,"CAVALLARI, Juan José",Buenos Aires
339,"CAVALLERO, Hector José",Santa Fe
340,"CAVALLO, Domingo Felipe",Cdad.Aut.Bs.As.
341,"CAVIGLIA, Franco Agustin",Buenos Aires
342,"CEBALLOS de MARIN, Fani A.",Salta
343,"CEBALLOS, Walter Alberto",San Luis
344,"CECCO, Carlos Jaime",Entre Ríos
345,"CEJAS, Jorge Alberto",Rio Negro
346,"CERDAN, Argentina",Formosa
347,"CERDERA, Rogelio Rafael",San Juan
348,"CEREZO, Octavio Néstor",Catamarca
349,"CESAR, Nora",Buenos Aires
350,"CETTOUR, Hugo Ramón",Entre Ríos
351,"CHAYA, María Lelia",Salta
352,"CHEMES, Jorge Omar",Entre Ríos
353,"CHIACCHIO, Nora Alicia",Buenos Aires
354,"CHICA RODRIGUEZ, Juan José",San Juan
355,"CHIENO, María Elena",Corrientes
356,"CHIQUICHANO, Rosa Laudelina",Chubut
357,"CHIRONI, Fernando Gustavo",Rio Negro
358,"CIAMPINI, José Alberto",Neuquén
359,"CICARE, Miguel Angel",La Pampa
360,"CICILIANI, Alicia Mabel",Santa Fe
361,"CIGOGNA, Luis Francisco Jorge",Buenos Aires
362,"CISTERNA, Victor Hugo",Chubut
363,"CITTADINI, Stella",Córdoba
364,"CLERI, Marcos",Santa Fe
365,"CLOSS, Maurice",Misiones
366,"CLOSS, Ramón Alberto",Misiones
367,"COBOS, Julio",Mendoza
368,"COIRINI, Adriana Elsa",Buenos Aires
369,"COLLANTES, Genaro",Catamarca
370,"COLOMBI, Horacio Ricardo",Corrientes
371,"COLOMBI, Ricardo",Corrientes
372,"COLOMBO, María Teresita del Valle",Catamarca
373,"COLUCIGNO, Aurelia Alicia",Buenos Aires
374,"COMELLI, Alicia Marcela",Neuquén
375,"COMI, Carlos Marcelo",Santa Fe
376,"CONCA, Julio Cesar",San Juan
377,"CONESA, Eduardo Raúl",Cdad.Aut.Bs.As.
378,"CONTE GRAND, Gerardo Amadeo",Cdad.Aut.Bs.As.
379,"CONTI, Diana Beatriz",Buenos Aires
380,"CONTRERA, Mónica Graciela",Chubut
381,"COPES, Ana Isabel",Santa Fe
382,"CORCHUELO BLASCO, José Manuel",Chubut
383,"CORDOBA, José Manuel",Santa Cruz
384,"CORDOBA, Stella Maris",Tucumán
385,"CORFIELD, Guillermo Eduardo",Entre Ríos
386,"CORNEJO, Alfredo Victor",Mendoza
387,"CORREA, Elsa Haydee",Mendoza
388,"CORREA, Juan Carlos",Buenos Aires
389,"CORTINA, Roy",Cdad.Aut.Bs.As.
390,"CORTINAS, Ismael Ramón",Corrientes
391,"COSCIA, Jorge Edmundo",Cdad.Aut.Bs.As.
392,"COSSOS PEREZ, Juan Nicolás",Santiago del Estero
393,"COSTA, Eduardo Raúl",Santa Cruz
394,"COSTA, Roberto Raúl",Buenos Aires
395,"COTO, Alberto Agustín",Buenos Aires
396,"COULY, Veronica Carolina",Buenos Aires
397,"COUREL, Carlos Alberto",Tucumán
398,"COUSINET, Graciela",Mendoza
399,"CRAMARO, Hugo Arnaldo",Santiago del Estero
400,"CREMER de BUSTI, María Cristina",Entre Ríos
401,"CROSTELLI, Juan Carlos",Córdoba
402,"CRUCHAGA, Melchor René",Buenos Aires
403,"CRUZ, Washington Jesus",Jujuy
404,"CUCCOVILLO, Ricardo Oscar",Buenos Aires
405,"CUEVAS, Hugo Oscar",Rio Negro
406,"CURLETTI, Miriam Belén",Chaco
407,"CURRILEN, Oscar Rubén",Chubut
408,"CUSINATO, José César Gustavo",Entre Ríos
409,"D`ERRICO, María Rita Antonia",Buenos Aires
410,"DAER, Héctor Ricardo",Buenos Aires
411,"D'AGOSTINO, Jorge",Entre Ríos
412,"DAHER, Zulema Beatriz",Salta
413,"D'ALESSANDRO, Marcelo",Buenos Aires
414,"D'ALESSANDRO, Miguel H.",Córdoba
415,"DALLA FONTANA, Ariel",Santa Fe
416,"D'AMBROSIO, Angel Mario",Santa Fe
417,"DAMIANI, Hernán Norberto Luis",Misiones
418,"DAMILANO GRIVARELLO, Viviana Mónica",Chaco
419,"DAS NEVES, Mario",Chubut
420,"DATO, Alfredo Carlos",Tucumán
421,"DAUD, Jorge Carlos",Entre Ríos
422,"DAVID, Néstor Javier",Salta
423,"DAZA, Héctor Rubén",Jujuy
424,"DE BALDRICH, Jorge Amadeo",Mendoza
425,"DE BARIAZARRA, Roberto Rodolfo",Rio Negro
426,"DE BERNARDI, Eduardo",Chubut
427,"DE BRASI, Marta Susana",Cdad.Aut.Bs.As.
428,"DE FERRARI RUEDA, Patricia",Córdoba
429,"DE GENNARO, Victor Norberto",Buenos Aires
430,"DE LA BARRERA, Guillermo",Catamarca
431,"DE LA ROSA, Maria Graciela",Formosa
432,"DE MARCHI, Omar Bruno",Mendoza
433,"DE MARTINO, Victor Amador",Buenos Aires
434,"DE MENDIGUREN, José Ignacio",Buenos Aires
435,"DE NARVAEZ, Francisco",Buenos Aires
436,"DE NUCCIO, Fabián",Buenos Aires
437,"DE PAULA, Victor Francisco",Buenos Aires
438,"DE PEDRO, Eduardo Enrique",Buenos Aires
439,"De PONTI, Lucila",Santa Fe
440,"DE PRAT GAY, Alfonso",Cdad.Aut.Bs.As.
441,"DE SANCTIS, Guillermo Horacio",San Juan
442,"De VIDO, Julio Miguel",Buenos Aires
443,"DEL CAMPILLO, Héctor Eduardo",Córdoba
444,"DEL CAÑO, Nicolás",Mendoza
445,"DEL CASTILLO, Fernando Raul",Buenos Aires
446,"DEL FABRO, Lilian del Carmen",Santa Fe
447,"DEL RICCIO, Ana María del Carmen",Formosa
448,"DELAJONQUIERE, Nelson",Santa Fe
449,"D'ELIA, Roberto Antonio",Buenos Aires
450,"DELICH, Andrés Guillermo",Cdad.Aut.Bs.As.
451,"DELICH, Francisco",Córdoba
452,"DELLEPIANE, Carlos Francisco",Buenos Aires
453,"DEPETRI, Edgardo Fernando",Buenos Aires
454,"DI BENEDETTO, Gustavo Daniel",Chubut
455,"DI COLA, Eduardo Román",Córdoba
456,"DI LANDRO, Oscar Jorge",Buenos Aires
457,"DI LEO, Marta Isabel",Buenos Aires
458,"DI POLLINA, Eduardo Alfredo",Santa Fe
459,"DI STEFANO, Daniel",Misiones
460,"DI TULIO, Hector Horacio",Santa Cruz
461,"DI TULLIO, Juliana",Buenos Aires
462,"DIAZ BANCALARI, José María",Buenos Aires
463,"DIAZ COLODRERO, Agustín",Corrientes
464,"DIAZ COLODRERO, Luis María",Corrientes
465,"DIAZ LOZANO, Julio César",Tucumán
466,"DIAZ MARTINEZ, Jorge Raúl",Catamarca
467,"DIAZ ROIG, Juan Carlos",Formosa
468,"DIAZ, Susana Eladia",Tucumán
469,"DIEZ, María Inés",Salta
470,"DIGON, Roberto",Cdad.Aut.Bs.As.
471,"DIGON, Roberto Secundino",Cdad.Aut.Bs.As.
472,"DINDART, Julián",Corrientes
473,"DOGA, María Nélida",Buenos Aires
474,"DOMINA, Esteban Alberto",Córdoba
475,"DOMINGUEZ, Dolores Carmen",Cdad.Aut.Bs.As.
476,"DOMINGUEZ, Julián Andrés",Buenos Aires
477,"DOMINGUEZ, Lorenzo Sebastian",Santa Fe
478,"DOMINGUEZ, Ramon Alfredo",San Luis
479,"DOMSIC, Lidia Catalina",Mendoza
480,"DONDA PEREZ, Victoria Analía",Buenos Aires
481,"DONDA PEREZ, Victoria Analía",Cdad.Aut.Bs.As.
482,"DONKIN, Carlos Guillermo",Formosa
483,"DONNI, Luisa Cristina",Santa Fe
484,"DOÑATE, Claudio Martín",Rio Negro
485,"DOVENA, Miguel Dante",Buenos Aires
486,"DRAGAN, Marcelo Luis",Tierra del Fuego
487,"DRAGICEVIC, Carmen Nilda",Tierra del Fuego
488,"DRISALDI, María Rita",Santa Cruz
489,"DUCLOS, Omar Arnaldo",Buenos Aires
490,"DUFOU, Pedro Alfredo",Buenos Aires
491,"DUMON, José Gabriel",Buenos Aires
492,"DURAND CORNEJO, Guillermo",Salta
493,"DURAÑONA y VEDIA, Francisco",Buenos Aires
494,"DURE, Lucila Beatriz",Formosa
495,"DURRIEU, Marcela Margarita",Buenos Aires
496,"DUSSOL, Ramón Adolfo",Chaco
497,"DUTTO, Gustavo Alberto",Buenos Aires
498,"ECHEGARAY, Alejandro",Buenos Aires
499,"ECHEVARRIA, Luis María",Buenos Aires
500,"EHCOSOR, María Azucena",Buenos Aires
501,"ELIAS, Angel Mario",Santa Fe
502,"ELICECHE, Carlos Tomas",Chubut
503,"ELIZONDO, Dante",San Juan
504,"ELORRIAGA, Osvaldo Enrique",Entre Ríos
505,"ERRO, Norberto Pedro",Buenos Aires
506,"ESAIN, Daniel Martín",Mendoza
507,"ESCALANTE ORTIZ, Herminia Elsa",Corrientes
508,"ESCOBAR, Jorge Alberto",San Juan
509,"ESPECHE, Alberto Luis",Salta
510,"ESPER, Laura Reneé",Buenos Aires
511,"ESPINDOLA, Gladys Susana",Córdoba
512,"ESPINOLA, Barbara Ines",Buenos Aires
513,"ESTEBAN, Silvia Graciela",Santa Cruz
514,"ESTEVEZ BOERO, Guillermo E.",Santa Fe
515,"ESTEVEZ, Gabriela",Córdoba
516,"ESTRADA, Arnaldo Damian",Salta
517,"ETCHEVEHERE, Arturo Roosevelt",Entre Ríos
518,"FABIANI, Eduardo",Buenos Aires
519,"FABRIS, Luciano",Chaco
520,"FABRISSIN, Carlos Alberto",Santa Fe
521,"FADEL, Mario Nallib",Catamarca
522,"FADEL, Patricia Susana",Mendoza
523,"FADUL, Liliana",Tierra del Fuego
524,"FAJARDO, Juan Carlos",Mendoza
525,"FALBO, María del Carmen",Buenos Aires
526,"FALLETI, Julio Cesar José",Neuquén
527,"FALU, José Ricardo",Tucumán
528,"FARIZANO, Juan Carlos",Cdad.Aut.Bs.As.
529,"FAUSTINELLI, Hipólito",Córdoba
530,"FAVARIO, Carlos Alberto",Santa Fe
531,"FAYAD, Victor Manuel Federico",Mendoza
532,"FEIN, Mónica Hayde",Santa Fe
533,"FELETTI, Roberto José",Cdad.Aut.Bs.As.
534,"FELGUERAS, Ricardo Ernesto",La Pampa
535,"FELIX, Omar",Mendoza
536,"FELLNER, Eduardo Alfredo",Jujuy
537,"FELLNER, Liliana",Jujuy
538,"FERNANDEZ BASUALDO, Luis María",Formosa
539,"FERNANDEZ BLANCO, María Cristina",Jujuy
540,"FERNANDEZ de COMBES, Elsa A.",Santa Fe
541,"FERNANDEZ de KIRCHNER, Cristina",Santa Cruz
542,"FERNANDEZ GILL, Guillermo",Buenos Aires
543,"FERNANDEZ LIMIA, Adan Noé",Córdoba
544,"FERNANDEZ MEIJIDE, Graciela",Buenos Aires
545,"FERNANDEZ MEIJIDE, Graciela",Cdad.Aut.Bs.As.
546,"FERNANDEZ MENDIA, Gustavo",La Pampa
547,"FERNANDEZ SAGASTI, Anabel",Mendoza
548,"FERNANDEZ VALONI, José Luis",Cdad.Aut.Bs.As.
549,"FERNANDEZ, Adrián Agapito",Neuquén
550,"FERNANDEZ, Alberto Manuel",Neuquén
551,"FERNANDEZ, Alfredo Cesar",Mendoza
552,"FERNANDEZ, Horacio Anibal",La Pampa
553,"FERNANDEZ, Marcelo Omar",Buenos Aires
554,"FERNANDEZ, Nicolás Alejandro",Santa Cruz
555,"FERNANDEZ, Pablo Damian",La Pampa
556,"FERNANDEZ, Roberto Carlos",Buenos Aires
557,"FERNANDEZ, Roberto Enrique",Buenos Aires
558,"FERNANDEZ, Rodolfo Alfredo",Corrientes
559,"FERRA DE BARTOL, Margarita",San Juan
560,"FERRADAS, Miguel Enrique",Catamarca
561,"FERRARI de GRAND, Teresa Hortensia",Entre Ríos
562,"FERRARI, Gustavo Alfredo",Buenos Aires
563,"FERRERO, Fernanda",Cdad.Aut.Bs.As.
564,"FERREYRA, Araceli",Corrientes
565,"FERREYRA, Eduardo Mario",Entre Ríos
566,"FERREYRA, Mario Felix",Tierra del Fuego
567,"FERRI, Gustavo Enrique",Buenos Aires
568,"FERRIGNO OBARRIO, Santiago",La Pampa
569,"FERRIN, María Teresa",Jujuy
570,"FERRO, Francisco José",Buenos Aires
571,"FESCINA, Andrés Julian",Cdad.Aut.Bs.As.
572,"FIAD, Mario Raymundo",Jujuy
573,"FIGUEROA, José Oscar",Santiago del Estero
574,"FIGUEROA, Pedro Octavio",Jujuy
575,"FILOMENO, Alejandro Oscar",Buenos Aires
576,"FIOL, Paulina Esther",Santa Fe
577,"FIORE VIÑUALES, María Cristina del Valle",Salta
578,"FLORES, Héctor",Buenos Aires
579,"FLORES, Rafael Horacio",Santa Cruz
580,"FOCO, Isabel Emilia",Neuquén
581,"FOGLIA, Teresa Beatriz",Córdoba
582,"FOLLONI, Jorge Oscar",Salta
583,"FONTANETTO, Beatriz Zulema",Santa Fe
584,"FONTDEVILA, Pablo Antonio",Buenos Aires
585,"FONTELA, Moises Eduardo",Buenos Aires
586,"FORCONI, Juan Carlos",Santa Fe
587,"FORESI, Irma Amelia",Santa Fe
588,"FORNERON, Lino",Misiones
589,"FORTE, Ulises Umberto",La Pampa
590,"FORTUNA, Francisco José",Córdoba
591,"FRAGOSO, Francisco Ulises",Chaco
592,"FRANA, Silvina",Santa Fe
593,"FRANCIONI, Fabián Marcelo",Córdoba
594,"FRANCO, Hugo Alberto",Buenos Aires
595,"FRANCO, Jorge Daniel",Misiones
596,"FRANCOS, Guillermo Alberto",Cdad.Aut.Bs.As.
597,"FRIGERI, Rodolfo Anibal",Buenos Aires
598,"FRIGERIO, Octavio",Buenos Aires
599,"FUNES, Carlos Delcio",Santa Fe
600,"FUNES, Teodoro Roberto",Córdoba
601,"FURLAN, Abel",Buenos Aires
602,"GABRIELLI, Rodolfo Federíco",Mendoza
603,"GAGLIARDI, Josué",Rio Negro
604,"GAILLARD, Ana Carolina",Entre Ríos
605,"GALANTE, Pedro Jorge Roque",Entre Ríos
606,"GALANTINI, Eduardo",Corrientes
607,"GALLAND, Gustavo Carlos",Buenos Aires
608,"GALLARDO, Miriam Graciela del Valle",Tucumán
609,"GALLEGO, Raul Edgardo",Santiago del Estero
610,"GALLO, Daniel Oscar",Tierra del Fuego
611,"GALLO, Orlando Juan",Buenos Aires
612,"GALMARINI, Fernando Nicolás",Buenos Aires
613,"GALVALISI, Luis Alberto",Cdad.Aut.Bs.As.
614,"GALVAN, Raul Alfredo",La Rioja
615,"GAMBARO, Natalia",Buenos Aires
616,"GAN, Fernando",Entre Ríos
617,"GARAY, Nicolás Alfredo",Corrientes
618,"GARCIA CUEVA, Ignacio S.",Buenos Aires
619,"GARCIA de CANO, Maria Isabel",Entre Ríos
620,"GARCIA de MORENO, Eva",Chubut
621,"GARCIA de NOVELLI, María",Chubut
622,"GARCIA HAMILTON, José Ignacio",Tucumán
623,"GARCIA LARRABURU, Silvina Marcela",Rio Negro
624,"GARCIA MENDEZ, Emilio",Cdad.Aut.Bs.As.
625,"GARCIA MERIDA, Miguel Angel",Buenos Aires
626,"GARCIA MORENO, Miguel Angel",Cdad.Aut.Bs.As.
627,"GARCIA, Andrea Fabiana",Buenos Aires
628,"GARCIA, Eduardo Daniel",Córdoba
629,"GARCIA, Francisco Alberto",Mendoza
630,"GARCIA, Irma Adriana",La Pampa
631,"GARCIA, María Teresa",Buenos Aires
632,"GARCIA, Pedro Alberto",Buenos Aires
633,"GARCIA, Susana Rosa",Santa Fe
634,"GARDELLA, Patricia Susana",Buenos Aires
635,"GARGIULO, Pablo",San Juan
636,"GARIGLIO, Juan Miguel",Santa Fe
637,"GARIN de TULA, Lucia",Catamarca
638,"GARNERO, Estela Ramona",Córdoba
639,"GARRAMUÑO, Jorge Alberto",Tierra del Fuego
640,"GARRE, Nilda Celia",Cdad.Aut.Bs.As.
641,"GARRETON, Facundo",Tucumán
642,"GARRIDO ARCEO, Jorge Antonio",Buenos Aires
643,"GARRIDO, Manuel",Cdad.Aut.Bs.As.
644,"GASTAÑAGA, Graciela Ines",Buenos Aires
645,"GATTI, Héctor Angel",Buenos Aires
646,"GAUNA, Juan Octavio",Cdad.Aut.Bs.As.
647,"GAYOL, Yanina",Entre Ríos
648,"GAZIA, Rodolfo Mauricio",La Pampa
649,"GDANSKY, Carlos Enrique",Buenos Aires
650,"GEIJO, Angel Oscar",Chaco
651,"GENEM, Amanda Susana",Mendoza
652,"GEREZ, Elda Ramona",Santa Fe
653,"GERMANO, Alberto Raul",Tucumán
654,"GERMANO, Daniel",Santa Fe
655,"GERVASONI, Lautaro",Entre Ríos
656,"GIACCONE, Claudia Alejandra",Santa Fe
657,"GIACOMINO, Daniel Oscar",Córdoba
658,"GIANNETTASIO, Graciela María",Buenos Aires
659,"GIANNI, Gloria María Cristina",Córdoba
660,"GIL LAVEDRA, Ricardo Rodolfo",Cdad.Aut.Bs.As.
661,"GIL LOZANO, Claudia Fernanda",Cdad.Aut.Bs.As.
662,"GILES, Guillermo Jorge",Buenos Aires
663,"GILL, Martín Rodrigo",Córdoba
664,"GIMENEZ REBORA, José Adolfo",Cdad.Aut.Bs.As.
665,"GIMENEZ, Delfor Abel",Buenos Aires
666,"GIMENEZ, Patricia",Mendoza
667,"GIMENEZ, Ramón Francisco",Formosa
668,"GINZBURG, Nora",Cdad.Aut.Bs.As.
669,"GIOJA, José Luis",San Juan
670,"GIOJA, Juan Carlos",San Juan
671,"GIORDANO, Juan Carlos",Buenos Aires
672,"GIORGETTI, Jorge Raúl",Santa Fe
673,"GIUBERGIA, Miguel Angel",Jujuy
674,"GIUDICI, Silvana Myriam",Cdad.Aut.Bs.As.
675,"GIUSTINIANI, Rubén Hector",Santa Fe
676,"GIUSTOZZI, Darío",Buenos Aires
677,"GODOY, Juan Carlos",Entre Ríos
678,"GODOY, Norma",Buenos Aires
679,"GODOY, Ruperto Eduardo",San Juan
680,"GOICOECHEA, Gustavo Horacio",Chaco
681,"GOLLY, Eduardo Ceferino",Entre Ríos
682,"GOLPE MONTIEL, Nestor Lino",Entre Ríos
683,"GOLPE, Carlos Horacio",Misiones
684,"GOMEZ BULL, Mauricio",Santa Cruz
685,"GOMEZ CENTURION, Carlos E.",San Juan
686,"GOMEZ DIEZ, Ricardo",Salta
687,"GOMEZ, José Ernesto",Tucumán
688,"GOMEZ, Ricardo Carmelo",Buenos Aires
689,"GOMEZ, Roque Julio Cesar",Entre Ríos
690,"GONZÁLES SELIGRA, Nathalia",Buenos Aires
691,"GONZALEZ CABAÑAS, José Armando",Corrientes
692,"GONZALEZ CABAÑAS, Tomás W.",Corrientes
693,"GONZALEZ de DUHALDE, Hilda",Buenos Aires
694,"GONZALEZ GASS, Gabriela Marta",Cdad.Aut.Bs.As.
695,"GONZALEZ GAVIOLA, Juan Horacio",Mendoza
696,"GONZALEZ, Alberto Ignacio",Mendoza
697,"GONZALEZ, Alvaro Gustavo",Cdad.Aut.Bs.As.
698,"GONZALEZ, Antonio Erman",Cdad.Aut.Bs.As.
699,"GONZALEZ, Gladys Esther",Buenos Aires
700,"GONZALEZ, Jorge Pedro",Santa Fe
701,"GONZALEZ, Josefina Victoria",Santa Fe
702,"GONZALEZ, Juan Dante",Mendoza
703,"GONZALEZ, Luis Mario",Santa Fe
704,"GONZALEZ, María América",Cdad.Aut.Bs.As.
705,"GONZALEZ, María Luisa",Chaco
706,"GONZALEZ, Nancy Susana",Chubut
707,"GONZALEZ, Oscar Felix",Córdoba
708,"GONZALEZ, Oscar Roberto",Buenos Aires
709,"GONZALEZ, Rafael Alfredo",Chaco
710,"GONZALEZ, Verónica",Tierra del Fuego
711,"GOÑI, María Virginia",Buenos Aires
712,"GORANSKY, Fenny",Neuquén
713,"GORBACZ, Leonardo Ariel",Tierra del Fuego
714,"GORINI, Florial Edmundo",Cdad.Aut.Bs.As.
715,"GORVEIN, Diego Rodolfo",Formosa
716,"GOY, Beatriz Norma",Chaco
717,"GRANA, Adrián Eduardo",Buenos Aires
718,"GRANADOS, Dulce",Buenos Aires
719,"GRANDINETTI, Alejandro",Santa Fe
720,"GREEN, Gustavo Adolfo",Buenos Aires
721,"GRIBAUDO, Christian Alejandro",Buenos Aires
722,"GROSSO, Edgardo Roger Miguel",Córdoba
723,"GROSSO, Leonardo",Buenos Aires
724,"GUCCIONE, José Daniel",Misiones
725,"GUDIÑO, Hermelinda Amalia",Tierra del Fuego
726,"GUERCI de SIUFI, Beatriz Elvira",Jujuy
727,"GUERIN, María Isabel",Buenos Aires
728,"GUERRERO, Antonio Isaac",Tucumán
729,"GUERRERO, Luis Serafín",Buenos Aires
730,"GUEVARA, Cristina Rosalía",Cdad.Aut.Bs.As.
731,"GULLO, Juan Carlos Dante",Cdad.Aut.Bs.As.
732,"GUTIERREZ, Alicia Veronica",Santa Fe
733,"GUTIERREZ, Diana Bárbara",Buenos Aires
734,"GUTIERREZ, Francisco Virgilio",Buenos Aires
735,"GUTIERREZ, Graciela Beatriz",Santa Cruz
736,"GUTIERREZ, Gustavo Eduardo",Mendoza
737,"GUTIERREZ, Héctor",Buenos Aires
738,"GUTIERREZ, Julio César",Santa Fe
739,"GUTIERREZ, Mónica Edith",Córdoba
740,"GUZMAN, Andres Ernesto",Córdoba
741,"GUZMAN, María Cristina",Jujuy
742,"GUZMAN, Olga Elizabeth",Neuquén
743,"GUZMAN, Sandro",Buenos Aires
744,"HALAK, Beatriz Susana",Córdoba
745,"HAQUIM, Carlos Guillermo",Jujuy
746,"HARDY, Anibal Osvaldo",Formosa
747,"HARISPE, Gastón",Buenos Aires
748,"HELLER, Carlos",Cdad.Aut.Bs.As.
749,"HEREDIA, Arturo Miguel",Córdoba
750,"HERNANDEZ, Antonio María",Córdoba
751,"HERNANDEZ, Cinthyia Gabriela",Rio Negro
752,"HERNANDEZ, Martín",Formosa
753,"HERNANDEZ, Santos Abel",Buenos Aires
754,"HERNANDEZ, Simón Fermín",Catamarca
755,"HERRERA ARIAS, Manuel H.",Santiago del Estero
756,"HERRERA PAEZ, Enzo Thelismar",La Rioja
757,"HERRERA, Alberto",Tucumán
758,"HERRERA, Bernardo Eligio",La Rioja
759,"HERRERA, Griselda Noemí",La Rioja
760,"HERRERA, José Alberto",Santiago del Estero
761,"HERRERA, Luis Beder",La Rioja
762,"HERRERA, Luis Fernando",Cdad.Aut.Bs.As.
763,"HERS CABRAL, Anabella Ruth",Cdad.Aut.Bs.As.
764,"HERZOVICH, María Elena",Entre Ríos
765,"HONCHERUK, Atlanto",Chaco
766,"HORNE, Silvia",Rio Negro
767,"HOTTON, Cynthia Liliana",Cdad.Aut.Bs.As.
768,"HUCZAK, Stella Maris",Mendoza
769,"HUMADA, Julio Cesar",Misiones
770,"HUMADA, Raul",Misiones
771,"HUSS, Juan   Manuel",Entre Ríos
772,"IANNI, Ana María",Santa Cruz
773,"IBARBIA, José María",Buenos Aires
774,"IBARRA, Eduardo Mauricio",San Juan
775,"IBARRA, Vilma Lidia",Cdad.Aut.Bs.As.
776,"IBARRECHE, Julio Cesar",Tucumán
777,"IGLESIAS, Evaristo Constantino",Buenos Aires
778,"IGLESIAS, Fernando Adolfo",Cdad.Aut.Bs.As.
779,"IGLESIAS, Roberto Raul",Mendoza
780,"IGON, Santiago Nicolás",Chubut
781,"ILARREGUI, Luis Alfredo",Buenos Aires
782,"ILLIA, Martín Arturo",Córdoba
783,"INCICCO, Lucas Ciriaco",Santa Fe
784,"INDA, Graciela Ester",Cdad.Aut.Bs.As.
785,"INGRAM, Roddy Ernesto",Chubut
786,"INSAURRALDE, Martín",Buenos Aires
787,"INSFRAN, Miguel Angel",Formosa
788,"IPARRAGUIRRE, Carlos Raúl",Santa Fe
789,"IRIBARNE, Alberto Juan",Cdad.Aut.Bs.As.
790,"IRRAZABAL, Juan Manuel",Misiones
791,"IRRAZABAL, Liliana María",Misiones
792,"ISA, Evita Nelida",Salta
793,"ISEQUILLA, Amalia",San Luis
794,"ISLA de SARACENI, Celia Anita",Misiones
795,"ITURRASPE, Nora Graciela",Buenos Aires
796,"ITURRE, Cesar Eusebio",Santiago del Estero
797,"ITURRIETA, Miguel Angel",Misiones
798,"JALIL, Luis Julián",Neuquén
799,"JANO, Ricardo Javier",Buenos Aires
800,"JAROSLAVSKY, Gracia Maria",Entre Ríos
801,"JARQUE, Margarita Ofelia",Buenos Aires
802,"JAUNARENA, José Horacio",Buenos Aires
803,"JAVKIN, Pablo",Santa Fe
804,"JENEFES, Guillermo Raul",Jujuy
805,"JEREZ, Esteban Eduardo",Tucumán
806,"JEREZ, Eusebia Antonia",Tucumán
807,"JOBE, Miguel Antonio",Buenos Aires
808,"JOGA, Vicente Bienvenido",Formosa
809,"JOHNSON, Guillermo",Córdoba
810,"JUAREZ, Manuel",Santiago del Estero
811,"JUAREZ, Manuel Humberto",Santiago del Estero
812,"JUAREZ, Myrian",Catamarca
813,"JUNCOSA, Rodolfo Aldo",Salta
814,"JUNIO, Juan Carlos Isaac",Cdad.Aut.Bs.As.
815,"JURI, Amado Nicomedes",Tucumán
816,"JURI, Mariana",Mendoza
817,"KAEHLER, Ernesto Rolando",Entre Ríos
818,"KAKUBUR, Emilio",Misiones
819,"KAMMERATH, Germán Luis",Córdoba
820,"KATZ, Daniel",Buenos Aires
821,"KELLY, Elsa Diana Rosa",Cdad.Aut.Bs.As.
822,"KENNY, Eduardo Enrique Federico",La Pampa
823,"KENT de SAADI, María del Pilar",Catamarca
824,"KESSLER, Ana Raquel",Cdad.Aut.Bs.As.
825,"KICILLOF, Axel",Cdad.Aut.Bs.As.
826,"KIRCHNER, Máximo Carlos",Santa Cruz
827,"KIRCHNER, Néstor Carlos",Buenos Aires
828,"KORENFELD, Beatriz Liliana",Santa Cruz
829,"KOSINER, Pablo Francisco Juan",Salta
830,"KOTH, Carlos",Misiones
831,"KRONEBERGER, Daniel Ricardo",La Pampa
832,"KUNEY, Mónica Adriana",Santa Cruz
833,"KUNKEL, Carlos Miguel",Buenos Aires
834,"LAFALLA, Arturo Pedro",Mendoza
835,"LAFFERRIERE, Ricardo Emilio",Entre Ríos
836,"LAGORIA, Elia Nelly",Chubut
837,"LAHOZ, José Fernando",Corrientes
838,"LAMBERTO, Oscar Santiago",Santa Fe
839,"LAMISOVSKY, Arnaldo",Córdoba
840,"LANCETA, Rubén Orfel",Buenos Aires
841,"LANDAU, Jorge Alberto",Buenos Aires
842,"LANZA, José Luis",Cdad.Aut.Bs.As.
843,"LARRABURU, Damaso",Buenos Aires
844,"LARREGUY, Carlos Alberto",Rio Negro
845,"LARROQUE, Andrés",Cdad.Aut.Bs.As.
846,"LASPINA, Luciano Andrés",Santa Fe
847,"LATORRE, Roxana Itati",Santa Fe
848,"LAURITTO, José Eduardo",Entre Ríos
849,"LAVAGNA, Marco",Cdad.Aut.Bs.As.
850,"LECONTE, Ricardo Guillermo",Corrientes
851,"LEDESMA, Julio Rubén",Buenos Aires
852,"LEGUIZAMON, Anibal Ernesto",Buenos Aires
853,"LEGUIZAMON, María Laura",Buenos Aires
854,"LEMME, María Alicia",San Luis
855,"LEMOS, Silvia",Mendoza
856,"LENCE, Héctor",Buenos Aires
857,"LENZ, María Beatriz",Cdad.Aut.Bs.As.
858,"LEONELLI, María Silvina",Córdoba
859,"LERNOUD, María Teresa",Chubut
860,"LEVERBERG, Stella Maris",Misiones
861,"LEYBA de MARTI, Beatriz",Córdoba
862,"L'HUILLIER, José Guillermo",San Luis
863,"LINARES, María del Carmen",Chubut
864,"LINARES, María Virginia",Buenos Aires
865,"LIPONEZKY de AMAVET, Sara G.",Entre Ríos
866,"LIPOVETZKY, Daniel",Buenos Aires
867,"LISSI, Liliana",Santa Fe
868,"LITZA, Monica",Buenos Aires
869,"LIX KLETT, Roberto Ignacio",Tucumán
870,"LLAMBI, Susana Beatriz",Neuquén
871,"LLAMOSAS, Fernando Elías",Misiones
872,"LLANO, Gabriel Joaquín",Mendoza
873,"LLANOS, Ana",Chubut
874,"LLANOS, Edith",Buenos Aires
875,"LLANOS, Ermindo Edgardo Marcelo",Jujuy
876,"LLERA, Timoteo",Misiones
877,"LLOPIS, Enrique Raúl",Santa Fe
878,"LÖFFLER, Ernesto Adrian",Tierra del Fuego
879,"LOFRANO, Elsa Gladi",Chubut
880,"LOPARDO, María Paula",Cdad.Aut.Bs.As.
881,"LOPEZ ARIAS, Marcelo Eduardo",Salta
882,"LOPEZ de ZAVALIA, Fernando J.",Tucumán
883,"LOPEZ KOENIG, Leandro",Neuquén
884,"LOPEZ, Alcides Humberto",Entre Ríos
885,"LOPEZ, Amelia de los Milagros",Córdoba
886,"LOPEZ, Elsa Isabel",Buenos Aires
887,"LOPEZ, Ernesto Segundo",San Juan
888,"LOPEZ, José Augusto",San Juan
889,"LOPEZ, Juan Carlos",Buenos Aires
890,"LOPEZ, Juan Carlos",Misiones
891,"LOPEZ, Pablo Sebastián",Salta
892,"LOPEZ, Rafael Angel",Formosa
893,"LORENZO BOROCOTO, Eduardo",Cdad.Aut.Bs.As.
894,"LORENZO, Antonio Arnaldo",San Luis
895,"LORGES, Juan Carlos",Buenos Aires
896,"LOSADA, Luis Enrique",Misiones
897,"LOSPENNATO, Silvia Gabriela",Buenos Aires
898,"LOTTO DE VECCHIETTI, Inés Beatriz",Formosa
899,"LOUSTEAU, Martín",Cdad.Aut.Bs.As.
900,"LOUTAIF, Julio César",Salta
901,"LOVAGLIO SARAVIA, Antonio",Salta
902,"LOZANO, Claudio Raúl",Cdad.Aut.Bs.As.
903,"LOZANO, Encarnación",Neuquén
904,"LUBERTINO, María José",Cdad.Aut.Bs.As.
905,"LUGO de GONZALES CABAÑAS, Cecilia",Corrientes
906,"LUNA de MARCOS, Ana Zulema",Santiago del Estero
907,"LUSQUIÑOS, Luis Bernardo",San Luis
908,"LYNCH, Carlos Alberto",Formosa
909,"LYNCH, Juan Carlos",Cdad.Aut.Bs.As.
910,"MAC ALLISTER, Carlos Javier",La Pampa
911,"MACALUSE, Eduardo Gabriel",Buenos Aires
912,"MACCHI, Carlos Guillermo",Corrientes
913,"MACEDO, Horacio Antonio",Jujuy
914,"MACHADO, Oscar Alfredo",Rio Negro
915,"MACHICOTE, Jorge Raul",La Rioja
916,"MACIAS, Oscar Alberto",Corrientes
917,"MACRI, Mauricio",Cdad.Aut.Bs.As.
918,"MADERA, Teresita",La Rioja
919,"MAESTRO, Carlos",Chubut
920,"MAFFEI, Marta Olinda",Buenos Aires
921,"MAGARIO, Verónica",Buenos Aires
922,"MAGGI, Juan Alberto",Buenos Aires
923,"MAIDANA, Elsa H.",Salta
924,"MAJDALANI, Silvia Cristina",Buenos Aires
925,"MAJDALANI, Silvia Cristina",Cdad.Aut.Bs.As.
926,"MALDONADO, Aída Francisca",Catamarca
927,"MALDONADO, Hugo",Chaco
928,"MANFREDOTTI, Carlos",Tierra del Fuego
929,"MANNY, José Juan",Cdad.Aut.Bs.As.
930,"MANSUR, Nélida Mabel",Buenos Aires
931,"MANSUR, Ricardo Alfredo",Mendoza
932,"MANZOTTI, Mabel Gladys",Buenos Aires
933,"MAQUEDA, Juan Carlos",Córdoba
934,"MAQUIEYRA, Martín",La Pampa
935,"MARCO DEL PONT, Mercedes",Cdad.Aut.Bs.As.
936,"MARCO, Jorge Raúl",Entre Ríos
937,"MARCOLLI, Miguel",Catamarca
938,"MARCONATO, Gustavo Angel",Santa Fe
939,"MARCONETTO, Aldo Juan",Chubut
940,"MARCOPULOS, Juan Fernando",Corrientes
941,"MARCOS, Ricardo Ernesto",Cdad.Aut.Bs.As.
942,"MARCUCCI, Hugo",Santa Fe
943,"MARELLI, Mabel",Misiones
944,"MARINO, Adriana del Carmen",San Juan
945,"MARINO, Juliana Isabel",Cdad.Aut.Bs.As.
946,"MARTIARENA, Mario Humberto",Jujuy
947,"MARTIN de DE NARDO, Marta",Formosa
948,"MARTIN, María Elena",Santa Fe
949,"MARTINELLI, Guillermo Jesús",Salta
950,"MARTINEZ CAMPOS, Gustavo",Chaco
951,"MARTINEZ CARIGNANO, Ernesto Félix",Córdoba
952,"MARTINEZ GARBINO, Emilio Raúl",Entre Ríos
953,"MARTINEZ LLANO, José Rodolfo",Corrientes
954,"MARTINEZ ODDONE, Heriberto Agustín",Córdoba
955,"MARTINEZ RAYMONDA, Rafael",Cdad.Aut.Bs.As.
956,"MARTINEZ VILLADA, Leonor",Córdoba
957,"MARTINEZ ZUCCARDI, Manuel A.",Tucumán
958,"MARTINEZ, Alfredo",Santa Cruz
959,"MARTINEZ, Ana Laura",Santa Fe
960,"MARTINEZ, Carlos Alberto",Buenos Aires
961,"MARTINEZ, Enrique Mario",Cdad.Aut.Bs.As.
962,"MARTINEZ, Ernesto Félix",Córdoba
963,"MARTINEZ, Esteban",Tierra del Fuego
964,"MARTINEZ, Gerardo Alberto",Buenos Aires
965,"MARTINEZ, Julio César",La Rioja
966,"MARTINEZ, Luis Alberto",San Juan
967,"MARTINEZ, Manuel Luis",Buenos Aires
968,"MARTINEZ, Norman Darío",Neuquén
969,"MARTINEZ, Oscar Anselmo",Tierra del Fuego
970,"MARTINEZ, Oscar Ariel",Santa Fe
971,"MARTINEZ, Silvia Alejandra",Jujuy
972,"MARTINEZ, Silvia Virginia",Buenos Aires
973,"MARTINEZ, Soledad",Buenos Aires
974,"MARTINI, Hugo",Cdad.Aut.Bs.As.
975,"MARTUCCI, Cesar",Buenos Aires
976,"MASIN, María Lucila",Chaco
977,"MASSA, Sergio",Buenos Aires
978,"MASSEI, Oscar Ermelindo",Neuquén
979,"MASSETANI, Vanesa",Santa Fe
980,"MASSO, Federico Augusto",Tucumán
981,"MASSOT, Nicolás",Córdoba
982,"MASTROGIACOMO, Miguel Angel",Buenos Aires
983,"MATHOV, Enrique José",Cdad.Aut.Bs.As.
984,"MATZKIN, Jorge Rubén",La Pampa
985,"MAURETTE, Fernando Wenceslao",Cdad.Aut.Bs.As.
986,"MAYANS, María Susana",Jujuy
987,"MAZURE, Liliana",Cdad.Aut.Bs.As.
988,"MAZZARELLA, Susana del Valle",Córdoba
989,"MAZZEI, Hector Santiago",Buenos Aires
990,"MEDIZA, Heriberto Eloy",La Pampa
991,"MELILLO, Fernando Cesar",Cdad.Aut.Bs.As.
992,"MELOGNO, Elsa",Chubut
993,"MENDEZ de FERREYRA, Araceli Estela",Corrientes
994,"MENDEZ de MEDINA LAREU, Catalina",Corrientes
995,"MENDOZA, Claudio Ramiro",Chaco
996,"MENDOZA, Martín",Buenos Aires
997,"MENDOZA, Mayra Soledad",Buenos Aires
998,"MENDOZA, Sandra Marcela",Chaco
999,"MENEGHINI, Javier Revnaldo",Santiago del Estero
1000,"MENEM, Carlos Omar",La Rioja
1001,"MENEM, Eduardo Adrián",La Rioja
1002,"MERA, Dalmacio",Catamarca
1003,"MERCADER, Martha Evelina",Cdad.Aut.Bs.As.
1004,"MERCADO LUNA, Ricardo Gastón",La Rioja
1005,"MERCADO, Verónica Elizabeth",Catamarca
1006,"MERCHAN, Paula Cecilia",Córdoba
1007,"MERINO, Raul Guillermo",Córdoba
1008,"MERLO de RUIZ, María Celestina",San Luis
1009,"MERLO, Mario Raúl",San Luis
1010,"MESTRE, Diego Matías",Córdoba
1011,"METAZA, Mario Alfredo",Santa Cruz
1012,"MEZA, Martha Elizabeth",Formosa
1013,"MICHELLI, Marco Aurelio",Buenos Aires
1014,"MICHETTI, Marta Gabriela",Cdad.Aut.Bs.As.
1015,"MICHITTE, Salomón Antonio",Misiones
1016,"MIGLIOZZI, Julio Alberto",Buenos Aires
1017,"MILESI, Marta Silvia",Rio Negro
1018,"MILLET, Juan Carlos",Santa Fe
1019,"MILMAN, Gerardo Fabián",Buenos Aires
1020,"MINGUEZ, Juan Jesús",San Juan
1021,"MIRABILE, José Arnaldo",San Luis
1022,"MIRALLES de ROMERO, Norma",Neuquén
1023,"MIRANDA, Rubén",Mendoza
1024,"MIRKIN, Beatriz Graciela",Tucumán
1025,"MOISES, Julio Carlos",Jujuy
1026,"MOISES, María Carolina",Jujuy
1027,"MOLARDO, Elvio Francisco",Córdoba
1028,"MOLAS, Pedro Omar",Catamarca
1029,"MOLINA, Karina",La Rioja
1030,"MOLINA, Manuel Isauro",Catamarca
1031,"MOLINARI ROMERO, Luis",Córdoba
1032,"MOLINAS, Ricardo Francisco",Santa Fe
1033,"MONAYAR, Ana María Cármen",Córdoba
1034,"MONDELO, Lidia Elizabeth",Santa Cruz
1035,"MONDINO, Eduardo René",Córdoba
1036,"MONFORT, Marcelo Alejandro",Entre Ríos
1037,"MONGELO, José Ricardo",Chaco
1038,"MONTEAGUDO, María Lucrecia",Buenos Aires
1039,"MONTENEGRO, Olinda",Chaco
1040,"MONTERO, Laura Gisela",Mendoza
1041,"MONTEVERDE, Carlos Roberto",Cdad.Aut.Bs.As.
1042,"MONTI, Lucrecia Etelvina",Cdad.Aut.Bs.As.
1043,"MONTIEL, Sergio Alberto",Entre Ríos
1044,"MONTOYA, Fernando Ramón",Córdoba
1045,"MONTOYA, Jorge Luciano",Córdoba
1046,"MONZO, Emilio",Buenos Aires
1047,"MORALES, Mariana Elizabet",Santiago del Estero
1048,"MORALES, Nélida Beatriz",Buenos Aires
1049,"MORAN, Juan Carlos",Buenos Aires
1050,"MORANDINI, Norma Elena",Córdoba
1051,"MORANTE, Antonio Arnaldo María",Chaco
1052,"MORAY, Hector Luis",Corrientes
1053,"MOREAU, Cecilia",Buenos Aires
1054,"MOREAU, Leopoldo Raúl",Buenos Aires
1055,"MOREJON, Manuel Amor",Chubut
1056,"MORELLO, Emilio Pedro",Buenos Aires
1057,"MORENO RAMIREZ, Arturo Jorge",San Juan
1058,"MORENO, Carlos Julio",Buenos Aires
1059,"MORGADO, Claudio Marcelo",Cdad.Aut.Bs.As.
1060,"MORINI, Pedro Juan",Santa Fe
1061,"MOSSELLO de BENZO, María",Santa Fe
1062,"MOSSO, Ana Maria",Mendoza
1063,"MOTHE, Felix Arturo",Tucumán
1064,"MOUILLERON, Roberto Mario",Buenos Aires
1065,"MOURE, Juan Manuel",Buenos Aires
1066,"MOURIÑO, Javier",Cdad.Aut.Bs.As.
1067,"MOYANO, Juan Facundo",Buenos Aires
1068,"MUKDISE, Miguel Roberto Daives",Santiago del Estero
1069,"MULLER, Edgar Raúl",Córdoba
1070,"MULLER, Mabel Hilda",Buenos Aires
1071,"MUNIAGURRIA, Marcelo Julio",Santa Fe
1072,"MUÑOZ, Marcelo Bernardo",Chaco
1073,"MURIEL, Nestor Jorge",Tierra del Fuego
1074,"MUSA, Laura Cristina",Cdad.Aut.Bs.As.
1075,"MUSSI, Juan José",Buenos Aires
1076,"NACUL, Miguel Camel",Tucumán
1077,"NAIM, Lidia Lucía",Buenos Aires
1078,"NANNI, Miguel",Salta
1079,"NARDELLI, Santiago",Buenos Aires
1080,"NARDUCCI, Alicia Isabel",Córdoba
1081,"NATALE, Alberto Adolfo",Santa Fe
1082,"NAVARRO, Graciela",Santiago del Estero
1083,"NAZARIO, Adriana Monica",Córdoba
1084,"NEBREDA, Carmen Rosa",Córdoba
1085,"NEDER, Estela Mary",Santiago del Estero
1086,"NEDER, Jorge Humberto",Córdoba
1087,"NEGRI, Mario Raúl",Córdoba
1088,"NEME-SCHEIJ, Alfredo",Tucumán
1089,"NEMIROVSCI, Osvaldo Mario",Rio Negro
1090,"NERI, Aldo",Cdad.Aut.Bs.As.
1091,"NICKISCH, Hugo Victor",Chaco
1092,"NICOTRA, Norberto Reynaldo",Santa Fe
1093,"NIETO BRIZUELA, Benjamín Ricardo",La Rioja
1094,"NIEVA, Alejandro Mario",Jujuy
1095,"NIÑO, Jorge",San Luis
1096,"NOFAL, Beatriz",Cdad.Aut.Bs.As.
1097,"NOVAU, Pedro José",Buenos Aires
1098,"NUÑEZ, José",Santa Fe
1099,"OBARRIO, Luis Manuel",Buenos Aires
1100,"OBEID, Jorge Alberto",Santa Fe
1101,"OBIGLIO, Julián Martín",Cdad.Aut.Bs.As.
1102,"OCAMPOS, Jorge Armando",Rio Negro
1103,"OCAÑA, María Graciela",Buenos Aires
1104,"OLIMA, Juan Carlos",Buenos Aires
1105,"OLIVA, Cristian Rodolfo",Santiago del Estero
1106,"OLIVARES, Hector Enrique",La Rioja
1107,"OLIVERA, Enrique José",Cdad.Aut.Bs.As.
1108,"OLIVERO, Juan Carlos",La Pampa
1109,"OLMEDO, Alfredo Horacio",Salta
1110,"OLMOS, Graciela Hortencia",Santiago del Estero
1111,"OPORTO, Mario Néstor",Buenos Aires
1112,"ORELLANA, José Fernando",Tucumán
1113,"ORGAZ, Alfredo",Córdoba
1114,"OROZCO, Jorge Alberto",Buenos Aires
1115,"ORQUIN, Leopoldo Manuel",Mendoza
1116,"ORSOLINI, Pablo Eduardo",Chaco
1117,"ORTEGA, Marta Isabel",Córdoba
1118,"ORTIZ CORREA, Marcia Sara María",Catamarca
1119,"ORTIZ MALDONADO, Gastón H.",Buenos Aires
1120,"ORTIZ PELLEGRINI, Miguel A.",Córdoba
1121,"ORTIZ, Mariela",Jujuy
1122,"OSCOS, María Ilse",Neuquén
1123,"OSORIO, Marta Lucía",La Pampa
1124,"OSTROPOLSKY, Aldo Hector",Mendoza
1125,"OSUNA, Blanca Inés",Entre Ríos
1126,"OVIEDO, Alejandra Beatriz",La Rioja
1127,"PAIS, Juan Mario",Chubut
1128,"PALOMO, Nelida Manuela",Santiago del Estero
1129,"PALOU, Marta",Misiones
1130,"PAMPURO, José Juan Bautista",Buenos Aires
1131,"PANDO, Ana María",Corrientes
1132,"PANSA, Sergio Horacio",San Luis
1133,"PANZONI, Patricia Ester",Buenos Aires
1134,"PARADA, Alberto",Chubut
1135,"PARADA, Liliana Beatriz",Cdad.Aut.Bs.As.
1136,"PARAJON, José María",Formosa
1137,"PAREDES URQUIZA, Alberto Nicolás",La Rioja
1138,"PARENTE, Rodolfo Miguel",Entre Ríos
1139,"PARENTELLA, Irma Fidela",Cdad.Aut.Bs.As.
1140,"PAROLA, Carlos",Santa Fe
1141,"PAROLA, José María",Córdoba
1142,"PAROLI, Raúl Omar",Catamarca
1143,"PARRA, Nelida del Carmen",San Juan
1144,"PARRILLI, Nanci María Agustina",Neuquén
1145,"PARRILLI, Oscar Isidro José",Neuquén
1146,"PASCUAL, Jorge Raul",Rio Negro
1147,"PASCUAL, Rafael Manuel",Cdad.Aut.Bs.As.
1148,"PASCUALINI de ACOSTA, Elida E.",Tucumán
1149,"PASINI, Ariel Osvaldo",Buenos Aires
1150,"PASSO, Juan Carlos",La Pampa
1151,"PASSO, Marcela Fabiana",Buenos Aires
1152,"PASTORI, Luis",Misiones
1153,"PASTORIZA, Eduardo",Catamarca
1154,"PASTORIZA, Mirta Ameliana",Santiago del Estero
1155,"PATIÑO, José Luis",Cdad.Aut.Bs.As.
1156,"PATTERSON, Ricardo Ancell",Santa Cruz
1157,"PATTI, Luis Abelardo",Buenos Aires
1158,"PEDRINI, Juan Manuel",Chaco
1159,"PELAEZ, Victor",Neuquén
1160,"PELLIN, Osvaldo Francisco",Neuquén
1161,"PEÑALOZA MARIANETTI, María Florencia",San Juan
1162,"PEPE, Lorenzo Antonio",Buenos Aires
1163,"PERALTA, Anibal Pedro",Chubut
1164,"PERALTA, Fabián Francisco",Santa Fe
1165,"PEREYRA de MONTENEGRO, María",Misiones
1166,"PEREYRA, Guillermo Antonio",Mendoza
1167,"PEREYRA, Juan Manuel",Córdoba
1168,"PEREZ MARTINEZ, Claudio Héctor",La Pampa
1169,"PEREZ SUAREZ, Inés",Cdad.Aut.Bs.As.
1170,"PEREZ, Alberto Cesar",Neuquén
1171,"PEREZ, Alberto José",San Luis
1172,"PEREZ, Jorge Raúl",Santiago del Estero
1173,"PEREZ, Jorge Telmo",Buenos Aires
1174,"PEREZ, José Adrián",Buenos Aires
1175,"PEREZ, Martín Alejandro",Tierra del Fuego
1176,"PEREZ, Mirta",Buenos Aires
1177,"PEREZ, Raúl Joaquin",Buenos Aires
1178,"PERIE, Hugo Rubén",Corrientes
1179,"PERIE, Julia Argentina",Misiones
1180,"PERNASETTI, Horacio Francisco",Catamarca
1181,"PEROTTI, Omar Angel",Santa Fe
1182,"PERRINI, Gioconda Eulalia",Tucumán
1183,"PERRONI, Ana María",Corrientes
1184,"PESCE, Felix",Mendoza
1185,"PESO, Stella Marys",Misiones
1186,"PETIT, María de los Angeles",Entre Ríos
1187,"PETRI, Luis",Mendoza
1188,"PEYROU, Alejandro Apolinario",Buenos Aires
1189,"PEZOA, Juan Carlos",Buenos Aires
1190,"PICAZO, Sarah Ana",Santa Fe
1191,"PICCININI, Alberto José",Santa Fe
1192,"PICCININI, Ana Ida",Rio Negro
1193,"PICHETTO, Miguel Angel",Rio Negro
1194,"PIEMONTE, Héctor Horacio",Buenos Aires
1195,"PIERRI, Alberto Reinaldo",Buenos Aires
1196,"PIETRAGALLA CORTI, Horacio",Buenos Aires
1197,"PILATI, Norma Raquel",Mendoza
1198,"PILATTI VERGARA, María Inés",Chaco
1199,"PINCHETTI de SIERRA MORALES, Delia Norma",Tucumán
1200,"PINEDO, Federico",Cdad.Aut.Bs.As.
1201,"PINTO BRUCHMANN, Juan Domingo",Santiago del Estero
1202,"PINTO, Guillermo",Santiago del Estero
1203,"PINTO, Sergio Damián",Mendoza
1204,"PIÑON AVILA, Celia Isabel",Entre Ríos
1205,"PIOTTI, Alberto Daniel",Buenos Aires
1206,"PIRIZ, Juan Carlos",Buenos Aires
1207,"PITIOT, Carla Betina",Cdad.Aut.Bs.As.
1208,"PITROLA, Néstor Antonio",Buenos Aires
1209,"PIUMATO, Julio Juán",Cdad.Aut.Bs.As.
1210,"PLAINI, Francisco Omar",Buenos Aires
1211,"POGGI, Claudio Javier",San Luis
1212,"POLINO, Hector Teodoro",Cdad.Aut.Bs.As.
1213,"POLO, Luis Nicolas",Buenos Aires
1214,"PORTELA, Agustín Alberto",Corrientes
1215,"PORTO, Héctor Norberto",Buenos Aires
1216,"POSSE, Melchor Angel",Buenos Aires
1217,"PRADINES, Roberto Arturo",Mendoza
1218,"PRAT, Alfredo Ernesto",Buenos Aires
1219,"PRETTO, Pedro Javier",Córdoba
1220,"PRIETO, Hugo Nelson",Neuquén
1221,"PROFILI, Gerardo Pedro",Mendoza
1222,"PRONE, Alberto Josue",Córdoba
1223,"PRUYAS, Tomás Rubén",Corrientes
1224,"PUCHETA, Ramona",Buenos Aires
1225,"PUERTA, Federico Ramón",Misiones
1226,"PUIG de STUBRIN, Lilia",Santa Fe
1227,"PUIGGROS, Adriana Victoria",Buenos Aires
1228,"PUIGGROS, Adriana Victoria",Cdad.Aut.Bs.As.
1229,"PURICELLI, Arturo Antonio",Santa Cruz
1230,"QUEZADA, Rodolfo H.",Neuquén
1231,"QUINTAR, Amado David",Catamarca
1232,"QUINTELA, Ricardo Clemente",La Rioja
1233,"QUINTERO, Marta Beatriz",La Rioja
1234,"QUINZIO, Bernardo Pascual",San Luis
1235,"QUIROGA, Horacio Rodolfo",Neuquén
1236,"QUIROZ, Elsa Siria",Buenos Aires
1237,"RACH QUIROGA, Analía Alexandra",Chaco
1238,"RAFFO, Julio Cesar",Cdad.Aut.Bs.As.
1239,"RAIMUNDI, Carlos Alberto",Buenos Aires
1240,"RAMOS, Alejandro",Santa Fe
1241,"RAMPI, Pascual Angel",Buenos Aires
1242,"RAPETTI, Ricardo Francisco",Buenos Aires
1243,"RASINO, Elida Elena",Santa Fe
1244,"RATTIN, Antonio Ubaldo",Buenos Aires
1245,"RAVERTA, María Fernanda",Buenos Aires
1246,"RE, Hilma Leonor",Entre Ríos
1247,"RE, Ricardo Horacio",Buenos Aires
1248,"RECALDE, Héctor Pedro",Buenos Aires
1249,"RECIO, José Antonio",Buenos Aires
1250,"REDCZUK, Oscar Felipe",Misiones
1251,"REGAZZOLI, María Cristina",La Pampa
1252,"REJAL, Jesús Fernando",La Rioja
1253,"REMEDI, Luz Elizabeth",Córdoba
1254,"REMES LENICOV, Jorge Luis",Buenos Aires
1255,"REYES, María Fernanda",Cdad.Aut.Bs.As.
1256,"RIAL, Osvaldo Hugo",Buenos Aires
1257,"RICCARDO, José Luis",San Luis
1258,"RICHTER, Ana",Córdoba
1259,"RICO, Aldo",Buenos Aires
1260,"RICO, María del Carmen Cecilia",Buenos Aires
1261,"RIESTRA, Antonio Sabino",Santa Fe
1262,"RIOBOO, Sandra Adriana",Buenos Aires
1263,"RIOS, Liliana María",Entre Ríos
1264,"RIOS, María Fabiana",Tierra del Fuego
1265,"RIOS, Roberto Fabián",Corrientes
1266,"RISKO, Silvia Lucrecia",Misiones
1267,"RISTA, Olga María",Córdoba
1268,"RITONDO, Cristian",Cdad.Aut.Bs.As.
1269,"RIVADERA, Marta Liliana",La Rioja
1270,"RIVARA, Raúl Alberto",Buenos Aires
1271,"RIVAROLA, Rubén Armando",Jujuy
1272,"RIVAS, Jorge",Buenos Aires
1273,"RIVAS, Olijela del Valle",Tucumán
1274,"ROBERTI, Alberto Oscar",Buenos Aires
1275,"ROBERTI, Raquel",Santa Fe
1276,"ROBLEDO, Roberto Ricardo",La Pampa
1277,"ROBLES AVALOS, Edmundo Eduardo",Tucumán
1278,"ROBLES, Miguel Angel",Santa Fe
1279,"RODIL, Rodolfo",Buenos Aires
1280,"RODRIGO, Esteban Joaquin",Rio Negro
1281,"RODRIGUEZ GONZALEZ, Oliva",Buenos Aires
1282,"RODRIGUEZ SAA, Adolfo",San Luis
1283,"RODRIGUEZ SAÑUDO, Hugo B.",Santa Fe
1284,"RODRIGUEZ, Evaristo Arturo",Santa Cruz
1285,"RODRIGUEZ, Jesus",Cdad.Aut.Bs.As.
1286,"RODRIGUEZ, José",Buenos Aires
1287,"RODRIGUEZ, Mabel E.",Buenos Aires
1288,"RODRIGUEZ, Marcela Virginia",Buenos Aires
1289,"RODRIGUEZ, Matías",Tierra del Fuego
1290,"RODRIGUEZ, Oscar Ernesto R.",Buenos Aires
1291,"RODRIGUEZ, Raul Eduardo",Tierra del Fuego
1292,"RODRIGUEZ, Rodrigo Martín",Buenos Aires
1293,"ROGEL, Fabián Dulio",Entre Ríos
1294,"ROGGERO, Humberto Jesus",Córdoba
1295,"ROIG, Angel",Buenos Aires
1296,"ROJKES de ALPEROVICH, Beatriz Liliana",Tucumán
1297,"ROJO, Rubén Dario",San Luis
1298,"ROLDAN, José María",Corrientes
1299,"ROLLANO, Eduardo Daniel",Cdad.Aut.Bs.As.
1300,"ROMA, Carlos Gastón",Tierra del Fuego
1301,"ROMA, Rafael Edgardo",Buenos Aires
1302,"ROMAN, Carmen",Formosa
1303,"ROMANO, Antonio Anselmo",Santiago del Estero
1304,"ROMERO, Carlos Alberto",La Rioja
1305,"ROMERO, Gabriel Luis",Neuquén
1306,"ROMERO, Héctor Ramón",Chaco
1307,"ROMERO, Humberto Antonio",Corrientes
1308,"ROMERO, José Antonio",Buenos Aires
1309,"ROMERO, Oscar",Buenos Aires
1310,"ROMERO, Rosario",Entre Ríos
1311,"ROQUEL, Héctor",Santa Cruz
1312,"ROQUEL, Rodolfo",Formosa
1313,"ROSELLI, José Alberto",Cdad.Aut.Bs.As.
1314,"ROSSI, Agustín Oscar",Santa Fe
1315,"ROSSI, Alejandro Luis",Santa Fe
1316,"ROSSI, Blanca Araceli",Córdoba
1317,"ROSSI, Cipriana Lorena",Rio Negro
1318,"ROSSO, Graciela Zulema",Buenos Aires
1319,"ROY, Irma",Buenos Aires
1320,"ROY, Irma",Cdad.Aut.Bs.As.
1321,"ROZAS, Angel",Chaco
1322,"RUBEO, Luis",Santa Fe
1323,"RUBIN, Carlos Gustavo",Corrientes
1324,"RUBINI, Mirta Elsa",Buenos Aires
1325,"RUCCI, Claudia Monica",Buenos Aires
1326,"RUCKAUF, Carlos Federico",Buenos Aires
1327,"RUCKAUF, Carlos Federico",Cdad.Aut.Bs.As.
1328,"RUIZ ARAGON, José Arnaldo",Corrientes
1329,"RUIZ PALACIOS, José David",Chaco
1330,"RUIZ, Aida Delia",Santiago del Estero
1331,"RUIZ, Angel",San Luis
1332,"RUIZ, Ramón",Buenos Aires
1333,"SAADE, Blanca Azucena",Salta
1334,"SAADI, Luis Alberto",Catamarca
1335,"SAADI, Ramón Eduardo",Catamarca
1336,"SABBATELLA, Martín",Buenos Aires
1337,"SABIO, Juan Carlos",Buenos Aires
1338,"SACCA, Luis Fernando",Tucumán
1339,"SACKS, Ruben Rodolfo",Santa Fe
1340,"SAGGESE, Nestor Mario",Buenos Aires
1341,"SALIM, Fernando Omar",Santiago del Estero
1342,"SALIM, Juan Arturo",Tucumán
1343,"SALINO, Fernando Aldo",San Luis
1344,"SALINO, María Antonia",San Luis
1345,"SALTO, Julio Francisco José",Rio Negro
1346,"SALUM, Osvaldo Rubén",Salta
1347,"SALUSSO, Horacio Ramón",Córdoba
1348,"SALVADOR, Daniel Marcelo",Buenos Aires
1349,"SALVATORI, Pedro",Neuquén
1350,"SAMID, Manuel Julio",Buenos Aires
1351,"SAN MARTIN, Adrián",Neuquén
1352,"SANCHEZ GALDEANO, Roque",Tierra del Fuego
1353,"SANCHEZ, Fernando",Cdad.Aut.Bs.As.
1354,"SANCHEZ, Liliana Ester",Buenos Aires
1355,"SANCHEZ, Mary",Buenos Aires
1356,"SANPIETRO, Darci",Entre Ríos
1357,"SANTA MARIA, Jose Francisco",Cdad.Aut.Bs.As.
1358,"SANTANDER, Mario",La Rioja
1359,"SANTILLAN, Marcelo",Tucumán
1360,"SANTILLAN, Walter Marcelo",Tucumán
1361,"SANTILLI, Diego Cesar",Cdad.Aut.Bs.As.
1362,"SANTIN, Eduardo",Buenos Aires
1363,"SAPAG, Silvia Estela",Neuquén
1364,"SAQUER, José Luis",Chaco
1365,"SAREDI, Roberto Miguel",Buenos Aires
1366,"SARGHINI, Jorge Emilio",Buenos Aires
1367,"SARQUIZ, José Alberto",Santiago del Estero
1368,"SARTORI, Diego Horacio",Misiones
1369,"SAT, Oscar",Mendoza
1370,"SATRAGNO, Lidia Elsa",Buenos Aires
1371,"SAVRON, Hayde Teresa",Neuquén
1372,"SCAGLIA, Gisela",Santa Fe
1373,"SCALESI, Juan Carlos",Rio Negro
1374,"SCARPIN, Delki",Santa Fe
1375,"SCELZI, Carlos José",Entre Ríos
1376,"SCHIARETTI, Juan",Córdoba
1377,"SCHIAVONI, Esther Aida",Cdad.Aut.Bs.As.
1378,"SCHMIDT-LIERMANN, Cornelia",Cdad.Aut.Bs.As.
1379,"SCHWINDT, María Liliana",Buenos Aires
1380,"SCIOLI, Daniel Osvaldo",Cdad.Aut.Bs.As.
1381,"SCIUTTO, Rubén Darío",Tierra del Fuego
1382,"SCOTTO, Silvia Carolina",Córdoba
1383,"SCRIMIZZI, Gloria Elida",Buenos Aires
1384,"SEBASTIANI, Claudio Augusto",Buenos Aires
1385,"SEBRIANO, Luis Alberto",Formosa
1386,"SEGARRA, Adela Rosa",Buenos Aires
1387,"SEGUI, Hector Miguel",San Juan
1388,"SEJAS, Lisandro Mauricio",Buenos Aires
1389,"SELLARES, Francisco Nicolás",Santa Fe
1390,"SELVA, Carlos Americo",Buenos Aires
1391,"SEMHAN, María de las Mercedes",Corrientes
1392,"SEMINARA, Eduardo Jorge",Santa Fe
1393,"SEREBRINSKY, Gustavo Eduardo",Buenos Aires
1394,"SESMA, Laura Judith",Córdoba
1395,"SILVA CASANOVA, Juan Alberto",Corrientes
1396,"SIMONCINI, Silvia Rosa",Santa Fe
1397,"SLUGA, Juan Carlos",Buenos Aires
1398,"SMITH, Santos",Buenos Aires
1399,"SNOPEK, Alejandro",Jujuy
1400,"SNOPEK, Carlos Daniel",Jujuy
1401,"SNOPEK, Guillermo",Jujuy
1402,"SOBRINO, Margarita María",Córdoba
1403,"SODA, Maria Nilda",Misiones
1404,"SODERO NIEVAS, Victor Hugo",Rio Negro
1405,"SOLA, Felipe Carlos",Buenos Aires
1406,"SOLANAS, Fernando Ezequiel",Buenos Aires
1407,"SOLANAS, Fernando Ezequiel",Cdad.Aut.Bs.As.
1408,"SOLANAS, Julio Rodolfo Francisco",Entre Ríos
1409,"SOLANAS, Raúl Patricio",Entre Ríos
1410,"SOLMOIRAGO, Raul Jorge",Misiones
1411,"SOÑEZ, Federico Roman",Entre Ríos
1412,"SORAIRE, Alicia",Tucumán
1413,"SORGENTE, Marcelo",Cdad.Aut.Bs.As.
1414,"SORIA ARCH, José María",Córdoba
1415,"SORIA, Carlos Ernesto",Buenos Aires
1416,"SORIA, Carlos Ernesto",Rio Negro
1417,"SORIA, Edmundo del Valle",Catamarca
1418,"SORIA, María Emilia",Rio Negro
1419,"SOSA CAPURRO, Soledad",Mendoza
1420,"SOSA, Carlos Alberto",Salta
1421,"SOTO, Gladys Beatriz",Chaco
1422,"SPATOLA, Paola Rosana",Buenos Aires
1423,"SPERATTI, Alfredo Ramiro",Santa Fe
1424,"SPINOZA, Augusto Juan",Buenos Aires
1425,"SPINOZZI, Ricardo",Santa Fe
1426,"STELLA, Anibal Jesus",Buenos Aires
1427,"STOLBIZER, Margarita Rosa",Buenos Aires
1428,"STORANI, Conrado Hugo",Córdoba
1429,"STORANI, Federico Teobaldo",Buenos Aires
1430,"STORANI, María Luisa",Buenos Aires
1431,"STORERO, Hugo",Santa Fe
1432,"STORNI, Silvia",Córdoba
1433,"STUBRIN, Marcelo Juan Alberto",Cdad.Aut.Bs.As.
1434,"STURZENEGGER, Federico",Cdad.Aut.Bs.As.
1435,"SUAREZ ALVAREZ DE PALOU, Marta",Misiones
1436,"SUAREZ, Juan Carlos",La Pampa
1437,"SUCARIA, Nevef",Córdoba
1438,"SUEIRO, Carlos Adolfo",Cdad.Aut.Bs.As.
1439,"SUREDA, Angela Geronima",Santa Cruz
1440,"SYLVESTRE BEGNIS, Juan Héctor",Santa Fe
1441,"TABOADA, Jorge Omar",Chubut
1442,"TACTA de ROMERO, Emma Andrea",Corrientes
1443,"TAGLIAFICO, Jose A.",Buenos Aires
1444,"TAILHADE, Rodolfo",Buenos Aires
1445,"TANONI, Enrique",Salta
1446,"TATE, Alicia Ester",Santa Fe
1447,"TAZZIOLI, Atilio Pascual",Córdoba
1448,"TEJEDOR, Miguel Angel",Chaco
1449,"TEJERINA, Julio Alberto",Santa Fe
1450,"TENEV, Carlos",Chaco
1451,"TENTOR, Héctor",Jujuy
1452,"TEODOSIU, Jorge Nicolas",Buenos Aires
1453,"TERADA, Alicia",Chaco
1454,"TERRAGNO, Rodolfo Héctor",Cdad.Aut.Bs.As.
1455,"THOMAS, Enrique Luis",Mendoza
1456,"TINEO, Javier Héctor",La Rioja
1457,"TINNIRELLO, Carlos Alberto",Cdad.Aut.Bs.As.
1458,"TOGNI de VELY, Adriana Leonor",Misiones
1459,"TOLEDO, Hugo David",Buenos Aires
1460,"TOLEDO, Susana",Santa Cruz
1461,"TOLOMEO, Leonor Esther",San Juan
1462,"TOMA, Miguel Angel",Cdad.Aut.Bs.As.
1463,"TOMAS, Héctor Daniel",San Juan
1464,"TOMASSI, Néstor",Catamarca
1465,"TOMAZ, Adriana Elisa",Buenos Aires
1466,"TONELLI, Pablo Gabriel",Buenos Aires
1467,"TONELLI, Pablo Gabriel",Cdad.Aut.Bs.As.
1468,"TOPA, Raúl Roque",Tucumán
1469,"TORELLO, Pablo",Buenos Aires
1470,"TORFE, Mónica Liliana",Salta
1471,"TORINO, Héctor Omar",San Luis
1472,"TORRES DEL SEL, Miguel",Santa Fe
1473,"TORRES MOLINA, Ramon Horacio",Buenos Aires
1474,"TORRES, Francisco",Tucumán
1475,"TORROBA, Francisco Javier",La Pampa
1476,"TORRONTEGUI, María Angélica",San Luis
1477,"TOTO, Francisco Patricio",Santa Cruz
1478,"TOVARES, Ramon Alberto",San Juan
1479,"TREJO, Luis Alberto",Tierra del Fuego
1480,"TRETTEL MEYER, Raúl",Córdoba
1481,"TRIACA, Alberto Jorge",Cdad.Aut.Bs.As.
1482,"TROIANO, Gabriela Alejandra",Buenos Aires
1483,"TROYANO, Silvia Elena",Salta
1484,"TULIO, Rosa Ester",Buenos Aires
1485,"TUNDIS, Mirta",Buenos Aires
1486,"TUNESSI, Juan Pedro",Buenos Aires
1487,"UBALDINI, Saul Edolver",Buenos Aires
1488,"UÑAC, José Rubén",San Juan
1489,"URIONDO, Luis Enrique Ramón",Santiago del Estero
1490,"URLICH, Carlos",Chaco
1491,"URROZ, Paula",Buenos Aires
1492,"URTUBEY, Juan Manuel",Salta
1493,"USANDIZAGA, Horacio Daniel",Santa Fe
1494,"VACA NARVAJA, Patricia",Córdoba
1495,"VAGO, Ricardo Nicolás",Buenos Aires
1496,"VALCARCEL, Juan Manuel",Buenos Aires
1497,"VALDES, Gustavo Adolfo",Corrientes
1498,"VALDOVINOS, Arnaldo Pastor",Misiones
1499,"VALINOTTO, Jorge Anselmo",Córdoba
1500,"VANOSSI, Jorge",Cdad.Aut.Bs.As.
1501,"VAQUIE, Enrique Andrés",Mendoza
1502,"VARELA BARRIOS, Juan Carlos",Buenos Aires
1503,"VARELA CID, Eduardo",Cdad.Aut.Bs.As.
1504,"VARELA, Nestor Angel",Tucumán
1505,"VARESE, Luis Segundo",San Juan
1506,"VARGAS AIGNASSE, Gerónimo",Tucumán
1507,"VARISCO, Sergio Fausto",Entre Ríos
1508,"VARIZAT, Daniel Alberto",Santa Cruz
1509,"VAZQUEZ de TABERNISE, Silvia Beatriz",Buenos Aires
1510,"VAZQUEZ, Ricardo Hector",Buenos Aires
1511,"VAZQUEZ, Roberto",Cdad.Aut.Bs.As.
1512,"VAZQUEZ, Silvia Beatriz",Buenos Aires
1513,"VEAUTE, Mariana Alejandra",Catamarca
1514,"VEGA, Juan Carlos",Córdoba
1515,"VEGA, María Clara",La Rioja
1516,"VELARDE, Marta Sylvia",Santiago del Estero
1517,"VENESIA, Gualberto Edgardo",Santa Fe
1518,"VENICA, Pedro Antonio",Formosa
1519,"VENSENTINI, Marcelo Edmundo",Cdad.Aut.Bs.As.
1520,"VERA GONZALEZ, Orieta Cecilia",Catamarca
1521,"VERA, Pedro Ramón Ademar",Corrientes
1522,"VERAMENDI, Juan Carlos",Buenos Aires
1523,"VIALE, Lisandro Alfredo",Entre Ríos
1524,"VIAÑA, Mariano Roberto",Tierra del Fuego
1525,"VICCHI, Raúl Horacio",Mendoza
1526,"VIDELA, Nora Esther",San Luis
1527,"VIGLIONE, Atilio Oscar",Chubut
1528,"VILARIÑO, José Antonio",Salta
1529,"VILCHE, Carlos Alberto",Neuquén
1530,"VILLA, José Antonio",San Juan
1531,"VILLALBA, Alfredo Horacio",Buenos Aires
1532,"VILLALONGA, Juan Carlos",Cdad.Aut.Bs.As.
1533,"VILLAR MOLINA, María Inés",Neuquén
1534,"VILLATA, Graciela Susana",Córdoba
1535,"VILLAVERDE, Jorge Antonio",Buenos Aires
1536,"VILLAVICENCIO, Maria Teresita",Tucumán
1537,"VIQUEIRA, Horacio",Córdoba
1538,"VITALE, Domingo",Buenos Aires
1539,"VITAR, Jose Alberto",Tucumán
1540,"VIVO, Horacio",Cdad.Aut.Bs.As.
1541,"VOLANDO, Humberto Antonio",Córdoba
1542,"VOLNOVICH, Luana",Buenos Aires
1543,"WALSH, Patricia",Cdad.Aut.Bs.As.
1544,"WAYAR, Walter Raúl",Salta
1545,"WECHSLER, Marcelo",Cdad.Aut.Bs.As.
1546,"WEST, Mariano Federíco",Buenos Aires
1547,"WILDER, Ricardo",Tierra del Fuego
1548,"WISKY, Sergio Javier",Rio Negro
1549,"WOLFF, Waldo",Buenos Aires
1550,"YAGÛE, Linda Cristina",Neuquén
1551,"YARADE, Rodolfo Fernando",Salta
1552,"YAREGUI, Alberto",Buenos Aires
1553,"YAZBEK, Rubén David",Catamarca
1554,"YOMA, Jorge Raul",La Rioja
1555,"ZABALA, Gilberto Antonio",San Luis
1556,"ZABALZA, Juan Carlos",Santa Fe
1557,"ZACARIAS, Juan Domingo",Entre Ríos
1558,"ZAMARREÑO, María Eugenia",Buenos Aires
1559,"ZAMBIANCHI, Carlos",Formosa
1560,"ZAMORA, Federico",Buenos Aires
1561,"ZAMORA, Luis Fernando",Buenos Aires
1562,"ZAMORA, Luis Fernando",Cdad.Aut.Bs.As.
1563,"ZANCADA, Pablo",Santa Fe
1564,"ZAPATA MERCADER, Jorge",Mendoza
1565,"ZARACHO, Evelio Argentino",Buenos Aires
1566,"ZAVALIA, José Luis",Santiago del Estero
1567,"ZAVALLO, Gustavo",Entre Ríos
1568,"ZBAR, Agustín",Cdad.Aut.Bs.As.
1569,"ZICARELLI, Orlando",Buenos Aires
1570,"ZIEBART, Cristina Isabel",Chubut
1571,"ZIEGLER, Alex Roberto",Misiones
1572,"ZILIOTTO, Sergio Raul",La Pampa
1573,"ZIMMERMANN, Víctor",Chaco
1574,"ZOTTOS, Miguel Andrés Costas",Salta
1575,"ZUCCARDI de FLAMARIQUE, María",Mendoza
1576,"ZUCCARDI, Cristina",Mendoza
1577,"ZUÑIGA, Ovidio Octavio",Rio Negro
1578,"AICEGA, Juan",Buenos Aires
1579,"ALLENDE, Walberto Enrique",San Juan
1580,"ALUME SBODIO, Karim Augusto",San Luis
1581,"ANSALONI, Pablo Miguel",Buenos Aires
1582,"ARCE, Mario Horacio",Formosa
1583,"ARROYO, Daniel Fernando",Buenos Aires
1585,"AYALA, Aida Beatriz Máxima",Chaco
1586,"BAHILLO, Juanjo",Entre Ríos
1587,"BERISSO, Hernán",Buenos Aires
1588,"BRAMBILLA, Sofía",Corrientes
1589,"BUCCA, Eduardo",Buenos Aires
1590,"CAMPAGNOLI, Marcela",Buenos Aires
1591,"CAMPOS, Javier",Buenos Aires
1592,"CANTARD, Niky",Santa Fe
1593,"CARAMBIA, Antonio José",Santa Cruz
1594,"CARRO, Pablo",Córdoba
1595,"CASSINERIO, Paulo Leonardo",Córdoba
1596,"CERRUTI, Gabriela",Cdad.Aut.Bs.As.
1597,"CONTIGIANI, Luis Gustavo",Santa Fe
1598,"CORREA, Walter",Buenos Aires
1599,"CRESTO, Mayda",Entre Ríos
1600,"Del CERRO, Gonzalo Pedro Antonio",Santa Fe
1601,"Del PLÁ, Romina",Buenos Aires
1602,"DELÚ, Melina Aida",La Pampa
1603,"DERNA, Verónica",Misiones
1604,"ENRIQUEZ, Jorge Ricardo",Cdad.Aut.Bs.As.
1605,"ESPINOZA, Fernando",Buenos Aires
1606,"FERNANDEZ LANGAN, Ezequiel",Buenos Aires
1607,"FERNANDEZ PATRI, Gustavo Ramiro",Formosa
1608,"FERNANDEZ, Carlos Alberto",Buenos Aires
1609,"FILMUS, Daniel",Cdad.Aut.Bs.As.
1610,"FLORES, Danilo Adrián",La Rioja
1611,"FREGONESE, Alicia",Entre Ríos
1612,"FRIZZA, Gabriel Alberto",Córdoba
1613,"GARCIA, Alejandro",Cdad.Aut.Bs.As.
1614,"GINOCCHIO, Silvana Micaela",Catamarca
1615,"GOICOECHEA, Horacio",Chaco
1616,"GRANDE, Martín",Salta
1617,"HUMMEL, Astrid",Santa Fe
1618,"INFANTE, Hugo Orlando",Santiago del Estero
1619,"LACOSTE, Jorge Enrique",Entre Ríos
1620,"LEAVY, Sergio Napoleón",Salta
1621,"LEHMANN, María Lucila",Santa Fe
1622,"LLARYORA, Martín Miguel",Córdoba
1623,"LÓPEZ, Juan Manuel",Cdad.Aut.Bs.As.
1624,"MACHA, Mónica",Buenos Aires
1625,"MARTIARENA, José Luis",Jujuy
1626,"MATZEN, Lorena",Rio Negro
1627,"MEDINA, Gladys",Tucumán
1628,"MEDINA, Martín Nicolás",Buenos Aires
1629,"MENDOZA, Josefina",Buenos Aires
1630,"MENNA, Gustavo",Chubut
1631,"MONALDI, Osmar",Jujuy
1632,"MONTENEGRO, Guillermo Tristán",Buenos Aires
1633,"MORALES, Flavia",Misiones
1634,"MOSQUEDA, Juan",Chaco
1635,"MUÑOZ, Rosa Rosario",Chubut
1636,"NAJUL, Claudia Inés",Mendoza
1637,"OLIVETO LAGO, Paula Mariana",Cdad.Aut.Bs.As.
1638,"PERTILE, Elda",Chaco
1639,"PICCOLOMINI, María Carla",Buenos Aires
1640,"POLLEDO, Carmen",Cdad.Aut.Bs.As.
1641,"QUETGLAS, Fabio José",Buenos Aires
1642,"RAMÓN, José Luis",Mendoza
1643,"RAUSCHENBERGER, Ariel",La Pampa
1644,"REGIDOR BELLEDONE, Estela Mercedes",Corrientes
1645,"REYES, Roxana Nahir",Santa Cruz
1646,"RODENAS, Alejandra",Santa Fe
1647,"ROMERO, Jorge Antonio",Corrientes
1648,"ROSSO, Victoria",San Luis
1649,"RUSSO, Laura",Buenos Aires
1650,"SAADI, Gustavo Arturo",Catamarca
1651,"SAHAD, Julio Enrique",La Rioja
1652,"SALVAREZZA, Roberto",Buenos Aires
1653,"SAPAG, Alma «Chani»",Neuquén
1654,"SCHLERETH, David Pablo",Neuquén
1655,"SIERRA, Magdalena",Buenos Aires
1656,"SILEY, Vanesa",Buenos Aires
1657,"STEFANI, Héctor Antonio",Tierra del Fuego
1658,"SUAREZ LASTRA, Facundo",Cdad.Aut.Bs.As.
1659,"VALLEJOS, María Fernanda",Buenos Aires
1660,"VALLONE, Andres Alberto",San Luis
1661,"VAZQUEZ, Juan Benedicto",Santa Cruz
1662,"VIGO, Alejandra María",Córdoba
1663,"VILLA, Natalia Soledad",Buenos Aires
1664,"WELLBACH, Ricardo",Misiones
1665,"YASKY, Hugo",Buenos Aires
1666,"YEDLIN, Pablo Raúl",Tucumán
1667,"ZAMARBIDE, Federico Raùl",Mendoza
1668,"ZAMORA, Claudia",Santiago del Estero
1669,"ALONSO, Laura Valeria",Buenos Aires
1670,"DEL CAÑO, Nicolás",Buenos Aires
1671,"SCIOLI, Daniel Osvaldo",Buenos Aires
1672,"ALENDE, Oscar Eduardo",Buenos Aires
1673,"KAMMERATH, Germán Luis",Córdoba
1674,"RODRIGUEZ GIAVARINI, Adalberto",Cdad.Aut.Bs.As.
1675,"#, Legislador a Designar",Salta
1676,"#, Legislador a Designar",Tierra del Fuego
65,"ALSOGARAY, Alvaro Carlos",Cdad.Aut.Bs.As.
1677,"LUNA, Hernán Daniel",Buenos Aires
1678,"AUAD, Oscar Said",Tucumán
,,
1679,"RICCI, Nadia Lorena",Santa Cruz
1680,"BRAGAGNOLO, Sebastián",Mendoza
1584,"AVILA, Beatriz Luisa",Tucumán
1681,"ASENCIO, Fernando",Buenos Aires
